respondent_id,"Autorizo a United Way Colombia a realizar toma de fotografías, videos o entrevistas en las que aparezco y cedo el uso de mi imagen y registros de las actividades en las cuales participé, para los fines contemplado en la Política de Privacidad para el Tratamiento de Datos Personales de dicha entidad, en la cual se incluyen, entre otras, la realización de piezas de comunicación interna y externa. Como titular de los datos podré, en cualquier momento, solicitar que la información sea modificada, actualizada o retirada de las bases de datos de United Way Colombia. Lo invitamos a conocer los detalles en: https://bit.ly/2O4diuQ",FECHA DE IMPLEMENTACIÓN,DEPARTAMENTO,NOMBRE DEL CENTRO INFANTIL O INSTITUCIÓN EDUCATIVA,¿Cuántos años de experiencia tienes en la educación infantil? ,¿Cuál es tu nivel de formación?,¿Cuéntanos en qué rango de edad te encuentras ?,¿Cuál es tu género?,"Narra una historia relacionada con una situación significativa para ti (positiva, negativa, interesante o mixta), que hayas vivido o que estés viviendo como agente educativo en el centro infantil. Todo lo que quieras decir es válido.",La historia que contaste te generó.,¿Con qué frecuencia sucede la situación que narraste en la historia?,¿Con cuáles de las siguientes situaciones se relaciona tu historia? Escoge 3,La forma como está organizado el día a día de los niños y las niñas en el Centro Infantil o Institución Educativa.,La vinculación de las familias a las propuestas educativas.,Los momentos de alimentación de las niñas y los niños.,El desempeño de los agentes educativos/docentes y sus prácticas.,La disposición intencionada de los ambientes pedagógicos y otros espacios.,"La calidad de las interacciones entre agentes educativos/docentes, familias, niños y niñas.",El acompañamiento al tránsito educativo de las niñas y los niños.,El trabajo colaborativo entre los agentes educativos/docentes.,La articulación entre la propuesta pedagógica y el proyecto educativo institucional.,"Gestión socioemocional de los agentes educativos/docentes, familias, niños y niñas.",La garantía de derechos de los niños y las niñas,"Mientras escribías la historia, sentiste que...",¿Cuál es el actor principal de tu historia?,"Si en la anterior pregunta tu respuesta fue ""Otro"", escribe cuál.","De acuerdo con la historia que contaste, ¿Cuál fue tu rol como agente educativo/docente?","Si fueras una niña o niño de primera infancia, ¿Cómo te gustaría vivir tu educación inicial? Elegir 3 opciones",Una alimentación que me guste.,Objetos y cosas para crear y jugar.,Que mi familia me acompañe más.,Poder hablar y preguntar más.,Más momentos de juego y diversión.,Exploración con la naturaleza.,Lugares donde me sienta tranquilo(a) y alegre.,Experiencias que me sorprendan y con las que puedo aprender.,Compartir (liderar) experiencias con los demás.,Sentirme seguro(a)  y protegido(a) por los adultos que me rodean.,Contar con ambientes para disfrutar,op1,op2,"Desde tu rol como agente educativo/docente, ¿hacia dónde enfocarías tus acciones para aportar a la calidad de la educación inicial? Elige 3 opciones",Desarrollar mi creatividad y recursividad.,Motivar la vinculación de las familias a las propuestas del Centro Infantil / Institución Educativa.,Actualizar mis conocimientos para innovar en mis prácticas.,Apropiarme e implementar la propuesta pedagógica y los referentes de educación inicial.,Crear o hacer parte de comunidades de aprendizaje con otros actores.,"Identificar situaciones problemáticas en el Centro Infantil / Institución Educativa y generar soluciones creativas, de manera colaborativa e interdisciplinaria.",Otra,cual
12617106218,Sí,04/29/2021,VALLE DEL CAUCA,CDI ALCARRAZAS DE COLORES Y CDI GOTITAS DE AMOR,1 a 4 años,Normalista,31 a 40 años,Mujer,"Para este año de trabajo virtual 2021, con las familias de los niños y niñas del CDI El Caracoli sede Gotitas de Amor, decidí trabajar las experiencias de forma virtual pero teniendo semanalmente contacto por la plataforma meet, al comienzo las familias manifiestan su alegría al aceptar la propuesta, tenia tenia mucha ansiedad si las familias de verdad se conectarían, al ver 19 familias conectadas el primer día fue una alegría de aquí a china, en cada encuentro empezamos con saludo y dando la bienvenida a cada uno, damos espera de 5 minutos y se comienza con una canción, segundo lectura en pictogramas, los niños son felices por que su voz es escuchada atreves de un computador, luego pasamos a la experiencia, sea manual, corporal u oral, terminamos con una canción y la despedida, cada semana  vuelve la alegria al cer que ya no son 19 los conectados, son 23 de 25 familias a cargo, es tan emocionante escuchar profe es muy bueno lo que vivimos, vemos a nuestros niños felices queriendo conectarse a su encuentro virtual con la profe y sus compañeros. si podemos darle un giro agradable al trabajo virtual con los pequeños de casa . profe feliz     ",Alegría,Todo el tiempo,La apropiación y uso de herramientas tecnológicas.,,La vinculación de las familias a las propuestas educativas.,,,,,,,,"Gestión socioemocional de los agentes educativos/docentes, familias, niños y niñas.",,Fui muy honesto y conté lo que me pasó,Niños/niñas,"niños, niñas y familia",Potenciar el desarrollo de los niños y las niñas.,,,,,,Más momentos de juego y diversión.,Exploración con la naturaleza.,,Experiencias que me sorprendan y con las que puedo aprender.,,,,,,,Desarrollar mi creatividad y recursividad.,Motivar la vinculación de las familias a las propuestas del Centro Infantil / Institución Educativa.,,,Crear o hacer parte de comunidades de aprendizaje con otros actores.,,,
12617106195,Sí,04/29/2021,VALLE DEL CAUCA,CDI ALCARRAZAS DE COLORES Y CDI GOTITAS DE AMOR,Más de 15 años,Licienciado,41 a 50 años,Mujer,"Ayudar al empoderamiento del Cdi Las Alcarrazas de colores a la comunidad donde se encuentra ubicado por las barreras invisibles que se encuentran en el sector, hacer ver que este espacio es un lugar de oportunidades de encuentros de aprendizaje e interacciones y lo más importante que por encima de todo es de la comunidad más vulnerable como lo son nuestros niños y niñas de primera infancia. ",Orgullo/Satisfacción,Todo el tiempo,,,,,,,"La calidad de las interacciones entre agentes educativos/docentes, familias, niños y niñas.",,El trabajo colaborativo entre los agentes educativos/docentes.,,"Gestión socioemocional de los agentes educativos/docentes, familias, niños y niñas.",,Fui muy honesto y conté lo que me pasó,Niños/niñas,Ninguno,Solucionar la situación poniendo en práctica mis conocimientos profesionales y personales.,,,,,,Más momentos de juego y diversión.,Exploración con la naturaleza.,,Experiencias que me sorprendan y con las que puedo aprender.,,,,,,,,Motivar la vinculación de las familias a las propuestas del Centro Infantil / Institución Educativa.,,,Crear o hacer parte de comunidades de aprendizaje con otros actores.,"Identificar situaciones problemáticas en el Centro Infantil / Institución Educativa y generar soluciones creativas, de manera colaborativa e interdisciplinaria.",,
12635135510,Sí,05/05/2021,VALLE DEL CAUCA,CDI ALCARRAZAS DE COLORES Y CDI GOTITAS DE AMOR,1 a 4 años,Técnicos,21 a 30 años,Mujer,"Les contaré una experiencia vivida en el último año. En el mes de Marzo de 2020 en Colombia se notificó la presencia del virus que a nivel mundial nos estaba afectando. En Cali empezaron los primeros casos positivos para Covid-19 por ende, el direccionamiento para la fundación fue entrar en cuarentena y cuidarnos permaneciendo en casa y evitar salir ¡ Sí que nos dio temor!, De momento, como enfermera y bajo mi ética la preocupación empezó en el momento en que no sabíamos si nuestros niños podrían llegar a contagiarse, me hice muchas preguntas y entre ellas la más importante; ¿cómo voy a llegar a la mamita por medio de la virtualidad o telefónicamente ante un accidente que se presente en casa el cual en niño necesite de la atención física o ante un aumento de temperatura complejo sin olvidar que era nuestra primera vez bajo esta metodología y que en calidad de padres nuestra primer reacción es asustarnos? Bueno, empezamos a reunir nuestro componente de salud y nutrición en articulación con Sistema de Seguridad y Salud en el Trabajo con el fin de responder a cada una de nuestras preguntas sin dejar ni la más mínima duda posible por fuera. No vamos a olvidar como entre todas logramos crear un protocolo para nuestra atención de manera virtual. La felicidad de saber que con la organización y esmero de toda la familia Caracolí para que nuestros niños y padres se adaptarán a la virtualidad  era inmensa, pues ante los seguimientos desde Salud como los seguimientos Nutricionales los familiares se sentían augustas de brindarles nuestro conocimiento  y las estrategias lo más sencillas posibles y así la unión que como de costumbre hemos tenido con nuestra primera infancia, no se deshilará. Es muy grato leer los mensajes de los padres agradeciendo cada vez que tenían la oportunidad pues tanto a ellos como a nosotros, todo absolutamente todo era un día más de mucho aprendizaje. No olvidábamos recordarles que ante cualquier situación estábamos con toda la disposición posible para una atención rápida con nuestros niños. Y así, termino mi experiencia dejando como reflexión que ante cualquier adversidad que se nos presente en el transcurso de la cotidianidad, somos capaces de afrontarlo dejando huellas bonitas en cada uno de nuestros niños, niñas y padres y nuestro talento humano. Gracias  ",Orgullo/Satisfacción,Única vez,La apropiación y uso de herramientas tecnológicas.,,La vinculación de las familias a las propuestas educativas.,,,,,,,,,,Fui muy honesto y conté lo que me pasó,Familias y otras personas significativas,Niñas y niños.,Solucionar la situación poniendo en práctica mis conocimientos profesionales y personales.,,,,,,,,,Experiencias que me sorprendan y con las que puedo aprender.,Compartir (liderar) experiencias con los demás.,,Contar con ambientes para disfrutar,,,,,,Actualizar mis conocimientos para innovar en mis prácticas.,,Crear o hacer parte de comunidades de aprendizaje con otros actores.,"Identificar situaciones problemáticas en el Centro Infantil / Institución Educativa y generar soluciones creativas, de manera colaborativa e interdisciplinaria.",,
12620334208,Sí,04/30/2021,VALLE DEL CAUCA,CDI ALCARRAZAS DE COLORES Y CDI GOTITAS DE AMOR,5 a 10 años,Técnicos,31 a 40 años,Mujer,"Hace ya 9 años trabajo en el Centro de desarrollo infantil y una de las experiencias que me han marcado y me marco en mi crecimiento como profesional y mi rol como agente educativa fue Un día, hace más de cuatro años, la maestra de un grupo de niños, me pidió que la visitara en su salón para identificar lo que al parecer en ese momento era un caso de maltrato, se trataba de una a una niña que llevaba ya varios días con pequeños morados en sus piernas. Ante esta evidencia, y siguiendo el protocolo, decidimos hablar con la mamá de niña, la cual asistió a la reunión a la que la convocamos. Nuestra sorpresa fue grande cuando la señora nos dijo que no había notado los morados en sus piernas y que muy seguramente se había golpeado con algo y que en su casa no se le pegaba a la niña. Días más tarde la maestra notó la muy pálida; además, ella que era bastante activa, estaba muy quieta; por ello volvió a acudir a enfermería y tras examinarla, de nuevo constatamos que tiene morados en sus piernas y brazos. Esta situación despertó en nosotros las alarmas pues nos preocupaba mucho que se tratara de maltrato en casa, por lo cual citamos nuevamente a la mamá.  Cuando descartamos que se tratara de maltrato, se solicita a la mamá que acuda al médico, días después le dan diagnóstico de anemia, pero luego con más exámenes le dicen a la mamá que la niña tenía leucemia.  Fue muy triste la noticia, pero también nos dejó un aprendizaje y es que si no hubiéramos actuado en equipo y a tiempo la niña no hubiera tenido un diagnóstico oportuno. Y esto me dejo como reflexión que nuestro rol como agentes educativas está en función del bienestar de los niños y las niñas y que con el trabajo articulado podemos prevenir y actuar a tiempo en situaciones como está logrando una atención integral y que experiencias como estas nos enriquecen cada día y nos ayudan a mejorar en nuestras funciones. ",Motivación,De vez en cuando,,,,,,,"La calidad de las interacciones entre agentes educativos/docentes, familias, niños y niñas.",,El trabajo colaborativo entre los agentes educativos/docentes.,,,La garantía de derechos de los niños y las niñas,Fui muy honesto y conté lo que me pasó,Niños/niñas,"Agentes educativos, docentes y familia ",Solucionar la situación poniendo en práctica mis conocimientos profesionales y personales.,,,,Que mi familia me acompañe más.,,,,,Experiencias que me sorprendan y con las que puedo aprender.,,Sentirme seguro(a)  y protegido(a) por los adultos que me rodean.,,,,,,,Actualizar mis conocimientos para innovar en mis prácticas.,,Crear o hacer parte de comunidades de aprendizaje con otros actores.,"Identificar situaciones problemáticas en el Centro Infantil / Institución Educativa y generar soluciones creativas, de manera colaborativa e interdisciplinaria.",,
12617105891,Sí,04/29/2021,VALLE DEL CAUCA,CDI CARACOLI LLERAS,1 a 4 años,Licienciado,41 a 50 años,Mujer,"Cuando comenzó el aislamiento preventivo por la pandemia me preocupe mucho debido a que no sabia de qué manera se iba a bordar la nueva realidad con los niños y niñas, esto al principio me genero mucho preocupación pues debía encontrar la manera de seguir incidiendo en el desarrollo de las habilidades de cada uno de los niños y niños y niñas a mí cargo y también la manera adecuada para que las familias pudieran ser parte de esta de una manera asertiva teniendo en cuenta las necesidades de los niños y niñas y aunque todos no podían entrar a los encuentros, siento que logramos estrechar lazos y as características de los padres de los niños y niñas. Después de plantearme varias estrategias invite a los padres de familia a una reunión virtual y a través de está les propuse tener unos encuentros virtuales con sus hijos y en donde ellos(Padres) también serían parte activa de todo el proceso, pues era una manera de que ellos reconocieran la forma de abordar las experiencias y así pudieran realizar ese apoyo desde casa con más confianza. Los padres aceptaron encantados el reto y diseñamos un ritmo para desarrollar en casa teniendo  en cuenta las necesidades de los niños y aunque todos no podian asistir a los encuentros, lo que logramos fue muy positivo, pues estrechamos lazos, compartimos muchas experiencias y las expectativas fueron superadas ",Motivación,Única vez,La apropiación y uso de herramientas tecnológicas.,La forma como está organizado el día a día de los niños y las niñas en el Centro Infantil o Institución Educativa.,La vinculación de las familias a las propuestas educativas.,,,,,,,,,,Fui muy honesto y conté lo que me pasó,Niños/niñas,No,Acompañar a las familias para que apoyen el desarrollo y aprendizaje de los niños y niñas.,,,,Que mi familia me acompañe más.,,,,,Experiencias que me sorprendan y con las que puedo aprender.,,,Contar con ambientes para disfrutar,,,Desarrollar mis capacidades socioemocionales.,,,Actualizar mis conocimientos para innovar en mis prácticas.,,,"Identificar situaciones problemáticas en el Centro Infantil / Institución Educativa y generar soluciones creativas, de manera colaborativa e interdisciplinaria.",,
12617099034,Sí,04/29/2021,VALLE DEL CAUCA,CDI CARACOLI LLERAS,5 a 10 años,Especialista,21 a 30 años,Mujer,"Había una vez un CDI que le fue muy bien en el servicio remoto con las familias, es un CDI muy reconocido en el municipio. Dé repente un dia la rectora desea que el CDI sea pionero en los procesos de alternancia y por ende las coordinadoras, psicosociales y agentes educativas se encontraban algo temerosas y estresadas porque había mucho que hacer: protocolos de bioseguridad, encuestas, consentimientos y demas. Todo lo anterior debía hacerse lo mas pronto posible, todas las areas del CDI se esforzaron y realizaron un arduo trabajo en menos de dos semanas intensas, lo que mas preocupaba  era lo que pensaban los padres de volver por la situación de Covid 19. Gracias a Dios muchos padres de familia que realizaron la alternancia aceptaron y nuevas familias se unieron. todo fue un exito, los padres de familia diligenciaron los formatos y llevaron a los niños cumpliendo con la axistencia... cuando derrepente suspendieron la alternancia con los picos de la pandemia, volvio  nuevamente la incertidumbre... esta historia continuara ",Motivación,Única vez,,La forma como está organizado el día a día de los niños y las niñas en el Centro Infantil o Institución Educativa.,,,,La disposición intencionada de los ambientes pedagógicos y otros espacios.,,,,,,,Reflexioné y aprendí algo nuevo,Otro,"niños y niñas, familias y TH",Solucionar la situación poniendo en práctica mis conocimientos profesionales y personales.,,,,Que mi familia me acompañe más.,,,,,Experiencias que me sorprendan y con las que puedo aprender.,,Sentirme seguro(a)  y protegido(a) por los adultos que me rodean.,,,,,,Motivar la vinculación de las familias a las propuestas del Centro Infantil / Institución Educativa.,,Apropiarme e implementar la propuesta pedagógica y los referentes de educación inicial.,,"Identificar situaciones problemáticas en el Centro Infantil / Institución Educativa y generar soluciones creativas, de manera colaborativa e interdisciplinaria.",,
12617071964,Sí,04/29/2021,VALLE DEL CAUCA,CDI CARACOLI LLERAS,Más de 15 años,Especialista,51 a 60 años,Mujer,"En mi sede de atención, poder observar a las maestras cómo afianzan los valores propios de la institución y donde se ve reflejado la compasión, apoyo y trabajo en equipo en especial con las compañeras nuevas",Orgullo/Satisfacción,Todo el tiempo,,,,,El desempeño de los agentes educativos/docentes y sus prácticas.,,"La calidad de las interacciones entre agentes educativos/docentes, familias, niños y niñas.",,El trabajo colaborativo entre los agentes educativos/docentes.,,,,Fui muy honesto y conté lo que me pasó,Agentes educativos/docentes,Na,"Fortalecerme como agente educativo/docente para alcanzar mis proyectos personales, familiares y profesionales.",Profes más afectivos,,,Que mi familia me acompañe más.,,,,,Experiencias que me sorprendan y con las que puedo aprender.,,,,,,,,Motivar la vinculación de las familias a las propuestas del Centro Infantil / Institución Educativa.,,,Crear o hacer parte de comunidades de aprendizaje con otros actores.,"Identificar situaciones problemáticas en el Centro Infantil / Institución Educativa y generar soluciones creativas, de manera colaborativa e interdisciplinaria.",,
12616144732,Sí,04/29/2021,VALLE DEL CAUCA,CDI LOS PICAPIEDRAS ,Más de 15 años,Licienciado,41 a 50 años,Mujer,"Mi historia tiene que ver con el deseo y la necesidad según mi concepción de iniciar la alternancia, desde principio de Marzo he querido que se de, pero se han presentado varias situaciones: Inicialmente tuvimos requerimientos para darnos el concepto sanitario, no tenemos tanque de suministro de agua y no teníamos baño para discapacidad, cumplir con estos requerimientos se no ha hecho complejo pues tenemos dificultades con los aportes y el compromiso de la alcaldía. Por medio de un presupuesto autorizado por ICBF logramos el pasamanos de discapacidad, estamos esperando que la alcaldía nos cumpla con la promesa de ayudarnos, (la infraestructura es del Municipio). Cuando ya creíamos que íbamos a iniciar, estamos en este pico y esta situación social de este País. .  Ahora",Impotencia,De vez en cuando,,,,,,La disposición intencionada de los ambientes pedagógicos y otros espacios.,,,,,,La garantía de derechos de los niños y las niñas,Fui muy honesto y conté lo que me pasó,Otro,Alcaldía,Dar cumplimiento a los criterios de calidad de la educación infantil (hasta los 8 años) en el marco de la atención integral.,,,,,,,,Lugares donde me sienta tranquilo(a) y alegre.,,,,Contar con ambientes para disfrutar,,,,,,,,,"Identificar situaciones problemáticas en el Centro Infantil / Institución Educativa y generar soluciones creativas, de manera colaborativa e interdisciplinaria.",Otra,Lograr que el Municipio entienda la importancia del programa y la intervención en primera infancia
12616113435,Sí,04/29/2021,VALLE DEL CAUCA,CDI LOS PICAPIEDRAS ,1 a 4 años,Licienciado,31 a 40 años,Mujer,"En la búsqueda de alternativas para tener un contacto con las familias, y viendo el acceso limitado a las plataformas y que es importante el intercambio de opiniones y las reflexiones frente a las situaciones que vivían de manera cotidiana, y observando que la manera más efectiva son los grupos de WhatsApp, se formó un chat sincrónico para abrir ese espacio de reflexión, a partir de imágenes que orienten a las familias a expresar sus opiniones, fue una experiencia donde por más de hora y media de conversaciones con las de 69 participantes, se logró hacer un trabajo significativo para las familias y los niños y niñas. ",Orgullo/Satisfacción,Todo el tiempo,La apropiación y uso de herramientas tecnológicas.,,La vinculación de las familias a las propuestas educativas.,,,,,,,,,La garantía de derechos de los niños y las niñas,Fui muy honesto y conté lo que me pasó,Familias y otras personas significativas,NA,Acompañar a las familias para que apoyen el desarrollo y aprendizaje de los niños y niñas.,,,,Que mi familia me acompañe más.,,,,,Experiencias que me sorprendan y con las que puedo aprender.,,Sentirme seguro(a)  y protegido(a) por los adultos que me rodean.,,,,,Desarrollar mi creatividad y recursividad.,Motivar la vinculación de las familias a las propuestas del Centro Infantil / Institución Educativa.,Actualizar mis conocimientos para innovar en mis prácticas.,,,,,
12616108064,Sí,07/01/1996,VALLE DEL CAUCA,CDI LOS PICAPIEDRAS ,1 a 4 años,Tecnólogos,21 a 30 años,Mujer,En este momento me encuentro haciendo seguimiento al caso de una niña que esta enferma y ha sido difícil la comunicacion con la madre nosotros decididimos realizar una visita para establecer como se encuentra en realidad y mirar en que podemos ayudar a esta familia.,Motivación,Única vez,,,,,,,,,,,"Gestión socioemocional de los agentes educativos/docentes, familias, niños y niñas.",La garantía de derechos de los niños y las niñas,Fui muy honesto y conté lo que me pasó,Familias y otras personas significativas,Aprender a mejor estas situaciones ,Solucionar la situación poniendo en práctica mis conocimientos profesionales y personales.,Profes más afectivos,,,,,,,Lugares donde me sienta tranquilo(a) y alegre.,Experiencias que me sorprendan y con las que puedo aprender.,,,,,,,,Motivar la vinculación de las familias a las propuestas del Centro Infantil / Institución Educativa.,,,Crear o hacer parte de comunidades de aprendizaje con otros actores.,"Identificar situaciones problemáticas en el Centro Infantil / Institución Educativa y generar soluciones creativas, de manera colaborativa e interdisciplinaria.",,
12620285105,Sí,04/30/2021,VALLE DEL CAUCA,HC AGRUPADO CANDELITA,11 a 15 años,Técnicos,31 a 40 años,Mujer,"Una vez que una niña llegó al hogar comunitario contándome que el papá y mamá habían peleado y ellas se habían ido para la casa de la abuela y el papá había ido por ellas,y el papá le dijo q si no se venía con el la amarraba a la moto y la traía arrastrada,ella se bino   con el.Cuansdo la luz estaba apagada la mamá sesaba estonces fue un poco triste ver el daño q uno como adultos le hace a los hijos la niña pensaba q la mamá tenía algo malo o q la estaba matando no se y ellos se habían reconciliado.",Tristeza,Única vez,,,La vinculación de las familias a las propuestas educativas.,,,La disposición intencionada de los ambientes pedagógicos y otros espacios.,,,,,"Gestión socioemocional de los agentes educativos/docentes, familias, niños y niñas.",,Reflexioné y aprendí algo nuevo,Familias y otras personas significativas,..,Solucionar la situación poniendo en práctica mis conocimientos profesionales y personales.,Profes más afectivos,,,Que mi familia me acompañe más.,,,,,,,Sentirme seguro(a)  y protegido(a) por los adultos que me rodean.,,,,Desarrollar mis capacidades socioemocionales.,,Motivar la vinculación de las familias a las propuestas del Centro Infantil / Institución Educativa.,Actualizar mis conocimientos para innovar en mis prácticas.,,,,,
12616170922,Sí,04/29/2021,VALLE DEL CAUCA,HC AGRUPADO CANDELITA,Más de 15 años,Técnicos,61 a 70 años,Mujer,de una familia venezolana la cual a vivido situaciones dificiles desde q llegaron ami pueblo tienen 4 hijos y viven de casa en casa la,Tristeza,Todo el tiempo,,,La vinculación de las familias a las propuestas educativas.,,,,,,,,,La garantía de derechos de los niños y las niñas,Fui muy honesto y conté lo que me pasó,Niños/niñas,no fue otra,Acompañar a las familias para que apoyen el desarrollo y aprendizaje de los niños y niñas.,Profes más afectivos,,,Que mi familia me acompañe más.,Poder hablar y preguntar más.,,,,,,,,,,Desarrollar mis capacidades socioemocionales.,Desarrollar mi creatividad y recursividad.,,,Apropiarme e implementar la propuesta pedagógica y los referentes de educación inicial.,,,,
12620697104,Sí,04/30/2021,VALLE DEL CAUCA,HC AGRUPADO MANUEL ESCOBAR ,11 a 15 años,Bachiller,51 a 60 años,Mujer,Sevastian estés un niño que desde su18meses que ingreso al hogar en ese entonces se encariño con migo  de tal manera ayi le enseñe a caminar  y cuando salio de el hogar para la escuela es un niño que siempre la familia lo yebaban al hogar para saludarme  por que isimos un buen vínculo afectivo  y aun cuando salía de estudiar siempre iva a saludarme asta su cuarto año de primaria siempre estuvimos una ese lente comunicassion que bonita experiencia    tan linda ,Motivación,De vez en cuando,,,,Los momentos de alimentación de las niñas y los niños.,,,"La calidad de las interacciones entre agentes educativos/docentes, familias, niños y niñas.",,,,"Gestión socioemocional de los agentes educativos/docentes, familias, niños y niñas.",,Fui muy honesto y conté lo que me pasó,Niños/niñas,Ninguno,Acompañar a las familias para que apoyen el desarrollo y aprendizaje de los niños y niñas.,,,Objetos y cosas para crear y jugar.,,,,Exploración con la naturaleza.,Lugares donde me sienta tranquilo(a) y alegre.,,,,,,,,Desarrollar mi creatividad y recursividad.,,Actualizar mis conocimientos para innovar en mis prácticas.,,,"Identificar situaciones problemáticas en el Centro Infantil / Institución Educativa y generar soluciones creativas, de manera colaborativa e interdisciplinaria.",,
12619640102,Sí,04/30/2021,VALLE DEL CAUCA,HC AGRUPADO MANUEL ESCOBAR ,5 a 10 años,Técnicos,31 a 40 años,Mujer,"Mi historia es que cuando empezó la pandemia de un momento a otro nos tocó dejar de ver a nuestros niños y niñas del hogar lo cual ya venía con la mayoría de niño@s desde el año pasado y en el año 2020 se irían para la escuela siete de los niñ@s que estaban conmigo eso fue muy duro porque apestar de qué les hacía videos llamadas y casi todos los días hablaba con ellos por teléfono ellos me demostraban que me extrañaban mucho al igual que yo a ellos. Siempre que hablaba con ellos me preguntaban cuando nos íbamos a ver nuevamente, yo no tenía una respuesta positiva para ellos y me decían que cuando iba a visitarlos. Esto me dió muy duro pues ya llevaba mucho tiempo con ellos y de un momento a otro dejarlos de ver. ",Tristeza,Todo el tiempo,La apropiación y uso de herramientas tecnológicas.,,,,,,,El acompañamiento al tránsito educativo de las niñas y los niños.,,,"Gestión socioemocional de los agentes educativos/docentes, familias, niños y niñas.",,Fui muy honesto y conté lo que me pasó,Niños/niñas,No aplica,Acompañar a las familias para que apoyen el desarrollo y aprendizaje de los niños y niñas.,,,Objetos y cosas para crear y jugar.,,,Más momentos de juego y diversión.,,,,,Sentirme seguro(a)  y protegido(a) por los adultos que me rodean.,,,,Desarrollar mis capacidades socioemocionales.,Desarrollar mi creatividad y recursividad.,,,,,"Identificar situaciones problemáticas en el Centro Infantil / Institución Educativa y generar soluciones creativas, de manera colaborativa e interdisciplinaria.",,
12617070209,Sí,04/29/2021,VALLE DEL CAUCA,HC AGRUPADO MANUEL ESCOBAR ,Más de 15 años,Otros,31 a 40 años,Mujer,Una vez habia una familias que todo lo sabia y siempre querian ser lo primero entodo y no permitian que las demas familias participaran de las actividades y todos queria participar .,Impotencia,De vez en cuando,,,La vinculación de las familias a las propuestas educativas.,,,,,,,,,,Reflexioné y aprendí algo nuevo,Familias y otras personas significativas,no,Solucionar la situación poniendo en práctica mis conocimientos profesionales y personales.,,,Objetos y cosas para crear y jugar.,,,,,,,,,,,,,,,,,,"Identificar situaciones problemáticas en el Centro Infantil / Institución Educativa y generar soluciones creativas, de manera colaborativa e interdisciplinaria.",,
12619604773,Sí,04/30/2021,VALLE DEL CAUCA,HC AMIGUITOS,Más de 15 años,Técnicos,41 a 50 años,Mujer,"La experiencia que he vivido, Gracias a la pandemia hasta el momento ha sido muy enriquecedora por que Gracias a Dios he compartido con mi familia experiencias muy significativas en casa que nunca lo habíamos hecho por el trabajo, . A nivel de trabajo la experiencia es gratificante, por que Gracias a las llamadas me he dado cuenta las situaciones que viven mis usuarios en casa y muchas familias . Gracias a Dios he podido ayudar  a estas familias desde casa ya que cuento con el apoyo de una fundación llamada camino de libertad ubicada en la ciudad de Cali , Esta fundación  me ha apoyado y yo he podido ayudar a muchas familias principalmente a mi comunidad, el apoyo ha sido maravilloso , principalmente el apoyo emocional, ya que contamos con un Maestro de vida muy profecional que nos brinda estabilidad en muchos aspectos principalmente , nos enseña como construir familias, .Para mi el poder servir y ayudar a las personas, principalmente a las familias me llena de vida cada día . Es la mejor manera de llenar el alma..",Orgullo/Satisfacción,Todo el tiempo,,,,,,,,,,,"Gestión socioemocional de los agentes educativos/docentes, familias, niños y niñas.",,Fui muy honesto y conté lo que me pasó,Familias y otras personas significativas,Ninguna,Solucionar la situación poniendo en práctica mis conocimientos profesionales y personales.,,,Objetos y cosas para crear y jugar.,,,,Exploración con la naturaleza.,,Experiencias que me sorprendan y con las que puedo aprender.,,,,,,,Desarrollar mi creatividad y recursividad.,,,,Crear o hacer parte de comunidades de aprendizaje con otros actores.,"Identificar situaciones problemáticas en el Centro Infantil / Institución Educativa y generar soluciones creativas, de manera colaborativa e interdisciplinaria.",,
12620298929,Sí,04/30/2021,VALLE DEL CAUCA,HC CAPRICHITOS ,11 a 15 años,Técnicos,41 a 50 años,Mujer,"Cuando me comunico con mis niños y las madres usuaria, y me dicen que me estrañan mucho , que quieren compartir con sus compañeros  y eso me da mucha tristeza de ver como ellos añoran estar en el hogar comunitario. ",Tristeza,Todo el tiempo,,,La vinculación de las familias a las propuestas educativas.,Los momentos de alimentación de las niñas y los niños.,,,,El acompañamiento al tránsito educativo de las niñas y los niños.,,,,,Fui muy honesto y conté lo que me pasó,Niños/niñas,No aplica ,Acompañar a las familias para que apoyen el desarrollo y aprendizaje de los niños y niñas.,,,,,,,,Lugares donde me sienta tranquilo(a) y alegre.,Experiencias que me sorprendan y con las que puedo aprender.,,Sentirme seguro(a)  y protegido(a) por los adultos que me rodean.,,,,Desarrollar mis capacidades socioemocionales.,,Motivar la vinculación de las familias a las propuestas del Centro Infantil / Institución Educativa.,,,,"Identificar situaciones problemáticas en el Centro Infantil / Institución Educativa y generar soluciones creativas, de manera colaborativa e interdisciplinaria.",,
12616119223,Sí,04/29/2021,VALLE DEL CAUCA,HC CHIQUILLADAS ,Más de 15 años,Técnicos,31 a 40 años,Mujer,Mis historias son positivas pues de verdad amo mi trabajo y todo trato de verlo de forma positiva e aprendido muchas cosas nuevas en tenido muchas esperienciad cómo compartir más con mis familias usuarias y poder ayudarles en muchos de sus problemas familiares y con los niños y hasta económicos en esta pandemia nos emos hecho nidos para ayudar Alós demás entre todos aportando con n granito de arena para los más necesitados,Motivación,Todo el tiempo,,,,,El desempeño de los agentes educativos/docentes y sus prácticas.,,,El acompañamiento al tránsito educativo de las niñas y los niños.,,,,,Fui muy honesto y conté lo que me pasó,Niños/niñas,No conteste otros ,Potenciar el desarrollo de los niños y las niñas.,Profes más afectivos,,,,,,,,,,,,,,Desarrollar mis capacidades socioemocionales.,Desarrollar mi creatividad y recursividad.,,,,Crear o hacer parte de comunidades de aprendizaje con otros actores.,,,
12619224417,Sí,04/30/2021,VALLE DEL CAUCA,HC CHIQUITINES,Más de 15 años,Técnicos,51 a 60 años,Mujer,"era un dia de verano muy caloroso, cuando se encontraba una maestra en su casa trabajando virtual realizando llamadas para hacer seguimientos a los niños en una llamada que le hizo a al niño andres el niño le dijo que deseaba abrazarla y jugar con sus amiguitos pero la profe con su tristeza le contesto que no podia por la situacion que atrabesaban por lo tanto el niño se escucho bajo de nota, pero ella le dijo que si seguian cuidandose podian volver haberse ypoder jugar con sus compañeros y divertirse con ellos.",Tristeza,Todo el tiempo,La apropiación y uso de herramientas tecnológicas.,,La vinculación de las familias a las propuestas educativas.,,,,,,,La articulación entre la propuesta pedagógica y el proyecto educativo institucional.,,,Fui muy honesto y conté lo que me pasó,Niños/niñas,no,Acompañar a las familias para que apoyen el desarrollo y aprendizaje de los niños y niñas.,Profes más afectivos,,,,Poder hablar y preguntar más.,Más momentos de juego y diversión.,,,,,,,,,,Desarrollar mi creatividad y recursividad.,,Actualizar mis conocimientos para innovar en mis prácticas.,,,"Identificar situaciones problemáticas en el Centro Infantil / Institución Educativa y generar soluciones creativas, de manera colaborativa e interdisciplinaria.",,
12616115114,Sí,04/29/2021,VALLE DEL CAUCA,HC CORAZONCITO ALEGRE,Más de 15 años,Técnicos,51 a 60 años,Mujer,La muerte de mi madre el 28 de abril del 2020 para nosotros fue algo que no esperábamos ,Tristeza,Todo el tiempo,,,,,,,,,El trabajo colaborativo entre los agentes educativos/docentes.,La articulación entre la propuesta pedagógica y el proyecto educativo institucional.,"Gestión socioemocional de los agentes educativos/docentes, familias, niños y niñas.",,Me dio curiosidad e inventé la historia,Familias y otras personas significativas,Familiares ,"Fortalecerme como agente educativo/docente para alcanzar mis proyectos personales, familiares y profesionales.",,,Objetos y cosas para crear y jugar.,Que mi familia me acompañe más.,,Más momentos de juego y diversión.,,,,,,,,,,Desarrollar mi creatividad y recursividad.,Motivar la vinculación de las familias a las propuestas del Centro Infantil / Institución Educativa.,Actualizar mis conocimientos para innovar en mis prácticas.,,,,,
12616174352,Sí,04/29/2021,VALLE DEL CAUCA,HC DELFINES 1,Más de 15 años,Técnicos,51 a 60 años,Mujer,Al principio fus muy dificil para mi una mujer de 57 años que aduras penas sabia qud el boton verde era para contestar una llamada hoy gracias a dios al esfuezo e podido defenderme en ests tiempo de educacion virtual y gracias a las diferentes herramienras tic e podido avanzar y poder brindar a mi usuarios un aprendizaje de calidad,Alegría,Todo el tiempo,La apropiación y uso de herramientas tecnológicas.,,,,,,,,,,,,Fui muy honesto y conté lo que me pasó,Agentes educativos/docentes,Familiares,"Fortalecerme como agente educativo/docente para alcanzar mis proyectos personales, familiares y profesionales.",Profes más afectivos,,,Que mi familia me acompañe más.,,,,,Experiencias que me sorprendan y con las que puedo aprender.,,,,,,,,Motivar la vinculación de las familias a las propuestas del Centro Infantil / Institución Educativa.,Actualizar mis conocimientos para innovar en mis prácticas.,,,"Identificar situaciones problemáticas en el Centro Infantil / Institución Educativa y generar soluciones creativas, de manera colaborativa e interdisciplinaria.",,
12620272197,Sí,04/30/2021,VALLE DEL CAUCA,HC EL RINCON DE NACHITO,Más de 15 años,Técnicos,41 a 50 años,Mujer,En el hogar comunitario el rincon de nachito me siento muy comprometida con mis niños por sus esperiencias que an tenido ellos y que se que mi cariño y compremcion son mucha ayuda ,Motivación,Todo el tiempo,,,La vinculación de las familias a las propuestas educativas.,,,,,,,,,,Fui muy honesto y conté lo que me pasó,Niños/niñas,No aplca,"Fortalecerme como agente educativo/docente para alcanzar mis proyectos personales, familiares y profesionales.",,,,Que mi familia me acompañe más.,,Más momentos de juego y diversión.,,,,,,Contar con ambientes para disfrutar,,,Desarrollar mis capacidades socioemocionales.,,Motivar la vinculación de las familias a las propuestas del Centro Infantil / Institución Educativa.,,Apropiarme e implementar la propuesta pedagógica y los referentes de educación inicial.,,,,
12616126157,Sí,04/29/2021,VALLE DEL CAUCA,HC GASPARIN,5 a 10 años,Licienciado,51 a 60 años,Mujer,"tengo una madre usuaria y ella tiene una niña en la uds que manejo y la niña me cuenta la mamá que no puede hablar, pues a el papá le molesta por que el trasnocha y quiere dormir todo el tiempo, pero lo que me llama la atención de esta pequeña es que todos los días se levanta dispuesta a hacer tareas, ella le dice a la mamá que le coloque tareas para que la profesora la reciba en la unidad de servicio, a pesar de la indiferencia del papá se ve el interes de la mamá por sacar adelante su niña, y le ayuda a enviar trabajos excelentes, siempre la felicito y la motivo a seguir adelante tanto a la niña como a la mamá",Orgullo/Satisfacción,Única vez,,,,,El desempeño de los agentes educativos/docentes y sus prácticas.,,"La calidad de las interacciones entre agentes educativos/docentes, familias, niños y niñas.",,,,,La garantía de derechos de los niños y las niñas,Fui muy honesto y conté lo que me pasó,Niños/niñas,no,Acompañar a las familias para que apoyen el desarrollo y aprendizaje de los niños y niñas.,,,Objetos y cosas para crear y jugar.,Que mi familia me acompañe más.,Poder hablar y preguntar más.,,,,,,,,,,,,Motivar la vinculación de las familias a las propuestas del Centro Infantil / Institución Educativa.,,Apropiarme e implementar la propuesta pedagógica y los referentes de educación inicial.,Crear o hacer parte de comunidades de aprendizaje con otros actores.,,,
12617047348,Sí,05/05/2021,VALLE DEL CAUCA,HC GLOBITOS MAGICOS,Más de 15 años,Otros,61 a 70 años,Mujer,Una madre de familia me contó que  su niña Isabella de 3 añitos cada que llega el papá de la niña a la casa ella lo recibe con las chanclas y se las pasa y le da un besito al papa y para mi escuchar este comportamientos en mis niños es muy significativo  y positivo para mi y me llena de orgullo saber que con el trato que se le da a los niños se ve reflejado en todas partes??,Orgullo/Satisfacción,Todo el tiempo,,La forma como está organizado el día a día de los niños y las niñas en el Centro Infantil o Institución Educativa.,La vinculación de las familias a las propuestas educativas.,,El desempeño de los agentes educativos/docentes y sus prácticas.,,,,,,,,Fui muy honesto y conté lo que me pasó,Niños/niñas,amor comprencion,Potenciar el desarrollo de los niños y las niñas.,,,,,Poder hablar y preguntar más.,Más momentos de juego y diversión.,,,,,,Contar con ambientes para disfrutar,,,,Desarrollar mi creatividad y recursividad.,Motivar la vinculación de las familias a las propuestas del Centro Infantil / Institución Educativa.,,,,"Identificar situaciones problemáticas en el Centro Infantil / Institución Educativa y generar soluciones creativas, de manera colaborativa e interdisciplinaria.",,
12619276430,Sí,04/30/2021,VALLE DEL CAUCA,HC JOSE MIEL,1 a 4 años,Técnicos,31 a 40 años,Mujer,Era un dia lleno de lluvia el cual estaba nahomi en el balcon con su muñeco limpiandole la carita le pregunto  q le haces y me dice q esta triste porq no pudo ir al medico a aplicarle su vacuna y esta muy emfermo luego me diriji a centro medico a q fuera ala casa de la niña el cusl llego ls emfermera y le aplico  la vacuna  y se sintio feliz    ,Tristeza,Todo el tiempo,La apropiación y uso de herramientas tecnológicas.,,La vinculación de las familias a las propuestas educativas.,,El desempeño de los agentes educativos/docentes y sus prácticas.,,,,,,,,Fui muy honesto y conté lo que me pasó,Niños/niñas,No,Acompañar a las familias para que apoyen el desarrollo y aprendizaje de los niños y niñas.,Profes más afectivos,,Objetos y cosas para crear y jugar.,,Poder hablar y preguntar más.,,,,,,,,,,,,Motivar la vinculación de las familias a las propuestas del Centro Infantil / Institución Educativa.,,,Crear o hacer parte de comunidades de aprendizaje con otros actores.,"Identificar situaciones problemáticas en el Centro Infantil / Institución Educativa y generar soluciones creativas, de manera colaborativa e interdisciplinaria.",,
12630042738,Sí,05/04/2021,VALLE DEL CAUCA,HC LAS MARIPOSITAS,Más de 15 años,Técnicos,51 a 60 años,Mujer,Pues me tiene muy desconcertada la falta de compromiso de los papás ahora que los niños están trabajando desde casa,Tristeza,De vez en cuando,La apropiación y uso de herramientas tecnológicas.,,La vinculación de las familias a las propuestas educativas.,,,,,El acompañamiento al tránsito educativo de las niñas y los niños.,,,,,Fui muy honesto y conté lo que me pasó,Niños/niñas,Ningúna,Potenciar el desarrollo de los niños y las niñas.,,,Objetos y cosas para crear y jugar.,Que mi familia me acompañe más.,,,Exploración con la naturaleza.,,,,,,,,,Desarrollar mi creatividad y recursividad.,Motivar la vinculación de las familias a las propuestas del Centro Infantil / Institución Educativa.,,,,"Identificar situaciones problemáticas en el Centro Infantil / Institución Educativa y generar soluciones creativas, de manera colaborativa e interdisciplinaria.",,
12617057638,Sí,04/29/2021,VALLE DEL CAUCA,HC LOS ENANITOS,Más de 15 años,Bachiller,Mayor de 70 años,Mujer,en todos estos años de esperiencia e conocido infinidad de niños y niñas lo cual es algo muy enriquesesor para mi lo cual amo mi trabajo,Motivación,Todo el tiempo,,La forma como está organizado el día a día de los niños y las niñas en el Centro Infantil o Institución Educativa.,,,,,"La calidad de las interacciones entre agentes educativos/docentes, familias, niños y niñas.",,El trabajo colaborativo entre los agentes educativos/docentes.,,,,Fui muy honesto y conté lo que me pasó,Niños/niñas,no aplica,Acompañar a las familias para que apoyen el desarrollo y aprendizaje de los niños y niñas.,Profes más afectivos,Una alimentación que me guste.,,,,,,,,,,,,,Desarrollar mis capacidades socioemocionales.,,Motivar la vinculación de las familias a las propuestas del Centro Infantil / Institución Educativa.,,,Crear o hacer parte de comunidades de aprendizaje con otros actores.,,,
12620283434,Sí,04/30/2021,VALLE DEL CAUCA,HC LOS PICAPIEDRAS,Más de 15 años,Bachiller,Mayor de 70 años,Mujer,hogar infantil los picapiedras  despues de tantos meses de no poder compartir en el hogar con los niños por motivos de pandemia volverme a reencontrar con los niños hace aproximadamente un mese cuando estábamos realizando la toma de talla y el peso me dio mucha alegria compartir con mis niños en ese momento se que la situacion esta un poco dicifil pero verles las caritas de felicidad me lleno de mucha emocion y felicidad,Orgullo/Satisfacción,Única vez,,,La vinculación de las familias a las propuestas educativas.,,,,"La calidad de las interacciones entre agentes educativos/docentes, familias, niños y niñas.",,El trabajo colaborativo entre los agentes educativos/docentes.,,,,Fui muy honesto y conté lo que me pasó,Niños/niñas,niños y familia,Acompañar a las familias para que apoyen el desarrollo y aprendizaje de los niños y niñas.,,,Objetos y cosas para crear y jugar.,,,Más momentos de juego y diversión.,,Lugares donde me sienta tranquilo(a) y alegre.,,,,,,,,,Motivar la vinculación de las familias a las propuestas del Centro Infantil / Institución Educativa.,,,,"Identificar situaciones problemáticas en el Centro Infantil / Institución Educativa y generar soluciones creativas, de manera colaborativa e interdisciplinaria.",,
12616130109,Sí,04/29/2021,VALLE DEL CAUCA,HC LOS TRAVIESOS,Más de 15 años,Técnicos,51 a 60 años,Mujer,"La historia que deseo contarles es positiva debido a que tiene como aprendizaje el compromiso y dedicación de los padres para para fortalecer el aprendizaje de sus hijos durante esta pandemia,de lo creativos que son cuando se les pide trabajo para desarrolar y la motivacion de los niños y niñas cada que ven sus trabajos realizados,cuando me cominican por medio de llamadas que desean compartir nuevamente en el hogar.Durante esta pamdemia los niños me manifiestan su deseo de regresar a compartir conmigo y sus compañeros,muchos recierdan situaciones que les dieron muchas alegrias ",Motivación,De vez en cuando,,,La vinculación de las familias a las propuestas educativas.,,,,,,,,,,Fui muy honesto y conté lo que me pasó,Niños/niñas,No aplica,Acompañar a las familias para que apoyen el desarrollo y aprendizaje de los niños y niñas.,Profes más afectivos,,,Que mi familia me acompañe más.,,,,Lugares donde me sienta tranquilo(a) y alegre.,,,,,,,Desarrollar mis capacidades socioemocionales.,,,,Apropiarme e implementar la propuesta pedagógica y los referentes de educación inicial.,Crear o hacer parte de comunidades de aprendizaje con otros actores.,,,
12616169404,Sí,04/29/2021,VALLE DEL CAUCA,HC MELOSOS,11 a 15 años,Técnicos,41 a 50 años,Mujer,"POSITIVO-INTERESANTE el poder escuchar a las familias y desde mi experiencia poder contribuir a que ellos encuentren diferentes perspectivas de un problema o dificultad y poder ser de ayuda para que ellos quieran abrirse a otros metodos o puntos de vista,por ejemplo tengo 2 mamitas con obesidad al igual que yo y ellos han visto cambios en mi y se abrieron a contarme y les comunique lo que estaba haciendo y ellas se motivaron a querer hacer cambios,una de ellas esta en el gym,esta experiencia me llevo a reflexionar sobre la responsabilidad que tengo para con mis familias , los niños y conmigo misma.",Motivación,De vez en cuando,La apropiación y uso de herramientas tecnológicas.,,,,,,"La calidad de las interacciones entre agentes educativos/docentes, familias, niños y niñas.",,,,"Gestión socioemocional de los agentes educativos/docentes, familias, niños y niñas.",,Fui muy honesto y conté lo que me pasó,Familias y otras personas significativas,no aplica,Solucionar la situación poniendo en práctica mis conocimientos profesionales y personales.,,,,Que mi familia me acompañe más.,,,,,Experiencias que me sorprendan y con las que puedo aprender.,,,,,que todo el aprendizaje o vivir sea entorno a la esencia del ser,Desarrollar mis capacidades socioemocionales.,,,Actualizar mis conocimientos para innovar en mis prácticas.,,,"Identificar situaciones problemáticas en el Centro Infantil / Institución Educativa y generar soluciones creativas, de manera colaborativa e interdisciplinaria.",,
12619202158,Sí,04/30/2021,VALLE DEL CAUCA,HC MI REFUGIO,Más de 15 años,Otros,Mayor de 70 años,Mujer,Mi experiencia es muy triste ya que por motivo de la pandemia no volví a ver los niños y niñas del hogar y esto ha sido muy difícil para mí ya que no sé manejar los equipos pertinentes para comunicarme con ellos. Yo vivo solita en mi casa y cuando los niños venían al hogar me sentía feliz por qué sentía el amor y acompañamiento de ellos. En estos momentos me siento muy sola ya que no puedo compartir con ellos . Cada día le pido a Dios que se acabe está pandemia y todo vuelva hacer como antes y poder compartir con mis pequeños.,Tristeza,Todo el tiempo,La apropiación y uso de herramientas tecnológicas.,La forma como está organizado el día a día de los niños y las niñas en el Centro Infantil o Institución Educativa.,,,,,,El acompañamiento al tránsito educativo de las niñas y los niños.,,,,,Fui muy honesto y conté lo que me pasó,Niños/niñas,No Aplica,Potenciar el desarrollo de los niños y las niñas.,Profes más afectivos,,Objetos y cosas para crear y jugar.,,,,,,,Compartir (liderar) experiencias con los demás.,,,,,Desarrollar mis capacidades socioemocionales.,Desarrollar mi creatividad y recursividad.,Motivar la vinculación de las familias a las propuestas del Centro Infantil / Institución Educativa.,,,,,,
12619275530,Sí,04/30/2021,VALLE DEL CAUCA,HC MI SEGUNDO HOGAR,11 a 15 años,Licienciado,51 a 60 años,Mujer,"En este tiempo de confinamiento la distancia te permite valorar aquello que en su momento tenias, como son las risas, brazos y saludos de nuestros niños y sus familias. Esto ha conlleva a forjar una relación virtual permitiendo plantearnos diversas preguntas y estrategias para llegar tanto a los niños como al padre de familia. Obteniendo como resultado una sonrisa virtual, un te quiero profe. Mirando nuestra situación de forma positiva el amor y el afecto para sentirlo y demostrarlo no necesariamente debe ser de forma física si no reflejuarla con nuestra actitud y aptitud.   ",Motivación,Todo el tiempo,La apropiación y uso de herramientas tecnológicas.,,,,El desempeño de los agentes educativos/docentes y sus prácticas.,,"La calidad de las interacciones entre agentes educativos/docentes, familias, niños y niñas.",,,,,,Reflexioné y aprendí algo nuevo,Otro,"Los niños, las familias y el agente educativo",Potenciar el desarrollo de los niños y las niñas.,Profes más afectivos,,,Que mi familia me acompañe más.,,Más momentos de juego y diversión.,,,,,,,,,Desarrollar mis capacidades socioemocionales.,,Motivar la vinculación de las familias a las propuestas del Centro Infantil / Institución Educativa.,Actualizar mis conocimientos para innovar en mis prácticas.,,,,,
12617116299,Sí,04/29/2021,VALLE DEL CAUCA,HC MIS BUHITOS ,11 a 15 años,Técnicos,31 a 40 años,Mujer,Las situaciones significativas que he tenido hasta el momento ha sido en el hambito nutricional ya que las exploraciones que he dejado en base a la creatividad de una sana alimentacion ha llenado todas mis expectativas ya que las mamitas han puesto todo su interes y creatividad en relacion a estas dos exploraciones de crer platos divertidos y saludables estos es como lo mas positivo y lo que me genero un poco de descontento es que por ahora no puedo ingresar a trabajar a la alternacia por que soy hipertensa y que algunas familias todabian tienen un poco de miedo pero bueno que se haga la vulontad de mi padre celestial mas no la mia,Orgullo/Satisfacción,De vez en cuando,,,,Los momentos de alimentación de las niñas y los niños.,,La disposición intencionada de los ambientes pedagógicos y otros espacios.,"La calidad de las interacciones entre agentes educativos/docentes, familias, niños y niñas.",,,,,,Fui muy honesto y conté lo que me pasó,Otro,"Niños, niñas y familias",Acompañar a las familias para que apoyen el desarrollo y aprendizaje de los niños y niñas.,,,,,,,Exploración con la naturaleza.,Lugares donde me sienta tranquilo(a) y alegre.,Experiencias que me sorprendan y con las que puedo aprender.,,,,,,Desarrollar mis capacidades socioemocionales.,Desarrollar mi creatividad y recursividad.,,Actualizar mis conocimientos para innovar en mis prácticas.,,,,,
12620283473,Sí,04/30/2021,VALLE DEL CAUCA,HC SONRISITAS,Más de 15 años,Técnicos,61 a 70 años,Mujer,"Mi situación significada es de tristeza de ver que los niños de mi hogar me preguntan cuando nos comunicamos que me extrañan, preguntan por sus compañeros y que cuando volvemos a vernos para poder jugar  y compartir ",Tristeza,De vez en cuando,,,,Los momentos de alimentación de las niñas y los niños.,,,"La calidad de las interacciones entre agentes educativos/docentes, familias, niños y niñas.",El acompañamiento al tránsito educativo de las niñas y los niños.,,,,,Fui muy honesto y conté lo que me pasó,Niños/niñas,Ninguna,Acompañar a las familias para que apoyen el desarrollo y aprendizaje de los niños y niñas.,,,Objetos y cosas para crear y jugar.,,,,Exploración con la naturaleza.,,Experiencias que me sorprendan y con las que puedo aprender.,,,,,,,,Motivar la vinculación de las familias a las propuestas del Centro Infantil / Institución Educativa.,,Apropiarme e implementar la propuesta pedagógica y los referentes de educación inicial.,,"Identificar situaciones problemáticas en el Centro Infantil / Institución Educativa y generar soluciones creativas, de manera colaborativa e interdisciplinaria.",,
12617087736,Sí,04/29/2021,VALLE DEL CAUCA,HC FAMI ABRACITOS 2,1 a 4 años,Técnicos,41 a 50 años,Mujer,"En mi hogar fami abracitos 2 se viven buenos momentos, son 12 familias a las cuales les doy charlas sobre lactancia materna, alimentación saludable, buen trato, y muchos temas más cuyo objetivo es fortalecer esos lazos familiares, que hagan que cada día sean más fuertes, para que los bebés de esas familias tengan un buen desarrollo en todas las dimensiones de aprendizajes. Comparto con ellos a través de las llamadas telefónicas y por wassapp, y en los encuentros para entregar el complemento nutricional. Estoy muy contenta de poder contribuir un poquito con mis conocimiento y cariño a las 12 familias y sus bebés hermosos.",Orgullo/Satisfacción,Todo el tiempo,,,La vinculación de las familias a las propuestas educativas.,Los momentos de alimentación de las niñas y los niños.,,,"La calidad de las interacciones entre agentes educativos/docentes, familias, niños y niñas.",,,,,,Fui muy honesto y conté lo que me pasó,Otro,familias y sus bebés,Acompañar a las familias para que apoyen el desarrollo y aprendizaje de los niños y niñas.,,,,,,Más momentos de juego y diversión.,Exploración con la naturaleza.,,Experiencias que me sorprendan y con las que puedo aprender.,,,,,,,,,Actualizar mis conocimientos para innovar en mis prácticas.,Apropiarme e implementar la propuesta pedagógica y los referentes de educación inicial.,,"Identificar situaciones problemáticas en el Centro Infantil / Institución Educativa y generar soluciones creativas, de manera colaborativa e interdisciplinaria.",,
201.184.227.122,Sí,04/23/2021,ANTIOQUIA,CI ARANJUEZ BERLIN,5 a 10 años,Licienciado,21 a 30 años,Mujer,"Una historia que me ha marcado en mi experiencia laboral y que recuerdo con mucha tristeza es la siguiente: En uno de los Centro Infantiles donde he trabajado había una familia con muy pocos recursos, su casita  estaba hecha de plástico y sobre la tierra, una casita literalmente tipo ""cambuche""... Papá y mamá  se iban a trabajar al centro como vendedores ambulantes tratando de buscarse sus alimentos y sus hijos se quedaban con nosotros todo el día... a ellos bienestar familiar les estaba haciendo seguimiento según ellos por las dificultades de alimentación que pasaba la familia. Un día llegó bienestar familiar a llevarse los niños, los padres estaban ahí y no pudimos hacer nada para detenerlos... me sentí muy mal, triste y desconcertada, porque ellos trataban  de hacer de todo para ser los mejores padres ",Tristeza,Única vez,,,,Los momentos de alimentación de las niñas y los niños.,,,,,,,,,Fui muy honesto y conté lo que me pasó,Niños/niñas,Ok,Acompañar a las familias para que apoyen el desarrollo y aprendizaje de los niños y niñas.,Profes más afectivos,,,Que mi familia me acompañe más.,,,,,,,,Contar con ambientes para disfrutar,,,,,Motivar la vinculación de las familias a las propuestas del Centro Infantil / Institución Educativa.,,,,,,
186.81.102.172,Sí,04/23/2021,ANTIOQUIA,CI ARANJUEZ BERLIN,5 a 10 años,Especialista,31 a 40 años,Mujer,"Esta historia esta basada en hechos de la vida real, un día como cualquier otro día, llego un monstruo que genero angustia entre todos los habitantes de la nube, y nos tuvimos que quedar en  en nuestras casas para no ser devorados por este ser que tanto miedo nos producía,  muchos no tuvieron miedo y quisieron enfrentar ese monstro, enfermando terriblemente, algunos hasta murieron, los niños y las niñas eran los mas fuertes para enfrentarlo, pues este no tenia poder sobre ellos, pero decidieron no salir de sus casas, no ir a los centros infantiles, pues de estas forma cuidaban a sus seres queridos.  Sin embargo muchas familias no correspondieron a tan alto sacrificio, y no los apoyaban en sus actividades y responsabilidades con el centro infantil, sus actividades no enviaban, las agentes educativas cada día mas frutadas, generaron nuevas estrategias, pero nunca fueron suficientes. ",Impotencia,Todo el tiempo,,La forma como está organizado el día a día de los niños y las niñas en el Centro Infantil o Institución Educativa.,La vinculación de las familias a las propuestas educativas.,,El desempeño de los agentes educativos/docentes y sus prácticas.,,,,,,,,Fui muy honesto y conté lo que me pasó,Niños/niñas,niños y niñas,Solucionar la situación poniendo en práctica mis conocimientos profesionales y personales.,,,Objetos y cosas para crear y jugar.,Que mi familia me acompañe más.,,,,,Experiencias que me sorprendan y con las que puedo aprender.,,,,,,,,Motivar la vinculación de las familias a las propuestas del Centro Infantil / Institución Educativa.,Actualizar mis conocimientos para innovar en mis prácticas.,Apropiarme e implementar la propuesta pedagógica y los referentes de educación inicial.,,,,
186.81.102.172,Sí,3/05/2021,ANTIOQUIA,CI ARANJUEZ BERLIN,5 a 10 años,Especialista,31 a 40 años,Mujer,"Había una vez en un lugar no muy lejano, había un centro infantil, lleno de colores, formas y texturas, donde las agentes educativas disfrutaban de cada experiencia vivida con cada niño y niña, un día de repete, llego la inasistencia, esta afecto terriblemente el proceso de aprendizaje de los niños y la niñas, y familias no participaban de las experiencias que se trabajaban de manera virtual, en el centro infantil,  manifestaban que por condiciones económicas, no podían participar de las actividades, pues no tenían forma de acceder a un celular o computador, sin embargo llego don creatividad y buscaron estrategias para vencer este obstáculo tan grande, llegaron a acuerdos, pero aun así, las familias tampoco participaban. ",Impotencia,Todo el tiempo,La apropiación y uso de herramientas tecnológicas.,La forma como está organizado el día a día de los niños y las niñas en el Centro Infantil o Institución Educativa.,La vinculación de las familias a las propuestas educativas.,,,,,Fui muy honesto y conté lo que me pasó,Familias y otras personas significativas,ninguno,Acompañar a las familias para que apoyen el desarrollo y aprendizaje de los niños y niñas.,Que mi familia me acompañe más.,Más momentos de juego y diversión.,Exploración con la naturaleza.,,,,,,,Desarrollar mi creatividad y recursividad.,Motivar la vinculación de las familias a las propuestas del Centro Infantil / Institución Educativa.,Actualizar mis conocimientos para innovar en mis prácticas.,,,,,,,,,,,,,,,,
186.81.102.233,Sí,04/23/2021,ANTIOQUIA,CI CAICEDO SANTA LUCIA,1 a 4 años,Profesional no Licenciado,21 a 30 años,Hombre,"Demasiadas es muy enriquecedor aprender y ver el impacto que tiene tu labor en la sociedad, en lo personal hubo un pequeño con el cual me identifique mucho hace algunos años fue una historia de crecimiento personal que viví con este niño volví a ver en mi el niño interior que todos deberíamos no abandonar nunca",Motivación,De vez en cuando,,,,,,,,,,,"Gestión socioemocional de los agentes educativos/docentes, familias, niños y niñas.",,Fui muy honesto y conté lo que me pasó,Niños/niñas,Niños y niñas ,Acompañar a las familias para que apoyen el desarrollo y aprendizaje de los niños y niñas.,Profes más afectivos,,,Que mi familia me acompañe más.,,,,,,,,Contar con ambientes para disfrutar,,,,Desarrollar mi creatividad y recursividad.,,Actualizar mis conocimientos para innovar en mis prácticas.,Apropiarme e implementar la propuesta pedagógica y los referentes de educación inicial.,,,,
191.156.47.245,Sí,04/22/2021,ANTIOQUIA,CI COMUNIQUEMONOS SOL SOLECITO,5 a 10 años,Normalista,31 a 40 años,Mujer,Dentro de mi experiencia como agente educativa he vivido he conocido muchos entornos de los cuales dejaron huellas dentro de mi proceso formativo.... Me acuerdo cuando por primera vez llegué a una unidad de servicio con miedo y nervios por enfrentarme por primera vez a un alumnado..... Llegó un maestro de un centro educativo con unas sabias palabras..... SI TIENES VOCACIÓN DEJA EL MIEDO Y DISFRUTA DE ESTA NUEVA EXPERIENCIA.... Y desde ahí me di cuenta q la docencia es mágica y hermosa ,Motivación,Todo el tiempo,,,,,El desempeño de los agentes educativos/docentes y sus prácticas.,,,,,,,,Fui muy honesto y conté lo que me pasó,Familias y otras personas significativas,Aprendizaje,"Fortalecerme como agente educativo/docente para alcanzar mis proyectos personales, familiares y profesionales.",,,Objetos y cosas para crear y jugar.,Que mi familia me acompañe más.,,,,,,,Sentirme seguro(a)  y protegido(a) por los adultos que me rodean.,,,,Desarrollar mis capacidades socioemocionales.,,Motivar la vinculación de las familias a las propuestas del Centro Infantil / Institución Educativa.,,,Crear o hacer parte de comunidades de aprendizaje con otros actores.,,,
191.92.10.100,Sí,04/22/2021,ANTIOQUIA,CI DAME LA MANO,11 a 15 años,Magister,31 a 40 años,Mujer,"Hace 5 años no era coordinadora del entorno Institucional, venia de estar en el entorno familiar, para mi es un nuevo comienzo, un nuevo reto y un volver aprender a aprender, pero es una experiencia maravillosa.",Orgullo/Satisfacción,De vez en cuando,,La forma como está organizado el día a día de los niños y las niñas en el Centro Infantil o Institución Educativa.,,,,,,,,,,,Reflexioné y aprendí algo nuevo,Otro,"Todos los anteriores, incluyéndome ",Dar cumplimiento a los criterios de calidad de la educación infantil (hasta los 8 años) en el marco de la atención integral.,Profes más afectivos,,,,,,,,Experiencias que me sorprendan y con las que puedo aprender.,,Sentirme seguro(a)  y protegido(a) por los adultos que me rodean.,,,,Desarrollar mis capacidades socioemocionales.,,,Actualizar mis conocimientos para innovar en mis prácticas.,,,"Identificar situaciones problemáticas en el Centro Infantil / Institución Educativa y generar soluciones creativas, de manera colaborativa e interdisciplinaria.",,
191.89.69.11,Sí,04/22/2021,ANTIOQUIA,CI EXPLORADORES DE SUEÑOS MIRANDA,11 a 15 años,Profesional no Licenciado,31 a 40 años,Mujer,Había una vez una pequeña vereda que era unida como una Red y que estaban pasando por una gran dificultad porque tenían muchos alimentos que no sabían preparar. Un día especial llegó un haga madrina y los enseño a cocinar y a disfrutar de deliciosas recetas. Fin ,Motivación,Única vez,,,,Los momentos de alimentación de las niñas y los niños.,,,,,,,,,Me dio curiosidad e inventé la historia,Familias y otras personas significativas,Ninguno,Solucionar la situación poniendo en práctica mis conocimientos profesionales y personales.,,,,,,Más momentos de juego y diversión.,,,,,,,,,,,,,,,"Identificar situaciones problemáticas en el Centro Infantil / Institución Educativa y generar soluciones creativas, de manera colaborativa e interdisciplinaria.",,
181.135.254.174,Sí,04/23/2021,ANTIOQUIA,CI GRANDES TALENTOS,Menos de 1 año,Profesional no Licenciado,21 a 30 años,Hombre,"He visto a muchos niños y niñas que extrañan volver a la modalidad de alternancia, puesto que, las experiencias que las agentes educativas implementan son suficientes para que estos niños y niñas se quieran quedar en el centro infantil. Muchos de estos menores lloran, patalean por quedarse en el centro infantil y es aquí donde me pongo a pensar que las estrategias de enseñanza implementadas por las agentes educativas les llega al corazón a todos nuestros niños, tanto así que prefieren estar todo el día y todos los días en la Institución. También, quiero resaltar con esta historia que en muchas ocasiones no valoramos los esfuerzos de nuestras agentes educativas, ya que éstas son el pilar de todo lo que somos como institución.",Tristeza,De vez en cuando,,,,,,La disposición intencionada de los ambientes pedagógicos y otros espacios.,"La calidad de las interacciones entre agentes educativos/docentes, familias, niños y niñas.",,,La articulación entre la propuesta pedagógica y el proyecto educativo institucional.,,,Fui muy honesto y conté lo que me pasó,Agentes educativos/docentes,Agentes educativos,Solucionar la situación poniendo en práctica mis conocimientos profesionales y personales.,,,,Que mi familia me acompañe más.,,,Exploración con la naturaleza.,,,,Sentirme seguro(a)  y protegido(a) por los adultos que me rodean.,,,,,,Motivar la vinculación de las familias a las propuestas del Centro Infantil / Institución Educativa.,Actualizar mis conocimientos para innovar en mis prácticas.,,,"Identificar situaciones problemáticas en el Centro Infantil / Institución Educativa y generar soluciones creativas, de manera colaborativa e interdisciplinaria.",,
201.233.214.58,Sí,30/04/2021,ANTIOQUIA,CI HOGARES BAMBI,1 a 4 años,Especialista,21 a 30 años,Mujer,Desde el programa de huertas urbanas que funcionó el año pasado se logró generar consciencia en los niños y niñas y familias de la importancia de cosechar sus propios alimentos y se implementó la huerta urbana en casa. ,Motivación,Única vez,La apropiación y uso de herramientas tecnológicas.,,La vinculación de las familias a las propuestas educativas.,Los momentos de alimentación de las niñas y los niños.,el desempeño de los agentes educativos/docentes y sus prácticas.,,"la calidad de las interacciones entre agentes educativos/docentes, familias, niños y niñas.",,el trabajo colaborativo entre los agentes educativos/docentes.,,,,fui muy honesto y conté lo que me pasó,niños/niñas,N/A,acompañar a las familias para que apoyen el desarrollo y aprendizaje de los niños y niñas.,,,objetos y cosas para crear y jugar.,poder hablar y preguntar más,,,,,experiencias que me sorprendan y con las que puedo aprender.,,,,,,,desarrollar mi creatividad y recursividad.,,actualizar mis conocimientos para innovar en mis prácticas.,,,"identificar situaciones problemáticas en el Centro Infantil / Institución Educativa y generar soluciones creativas, de manera colaborativa e interdisciplinaria.",,
191.95.157.114,Sí,04/23/2021,ANTIOQUIA,CI JESUS AMIGO,11 a 15 años,Especialista,41 a 50 años,Mujer,"La creación de personajes mágicos que están acompañando desde la  virtualidad a los niños, niñas y familias para reforzar todo lo relacionado al mejoramiento de hábitos alimentarios. Por ejemplo el señor Banano y Manzanita son los que hasta el momento han impactado a varios grupos y han tenido un recibimiento adecuado por parte de los niños y n iñas",Alegría,De vez en cuando,,La forma como está organizado el día a día de los niños y las niñas en el Centro Infantil o Institución Educativa.,,Los momentos de alimentación de las niñas y los niños.,,,,,El trabajo colaborativo entre los agentes educativos/docentes.,,,,Fui muy honesto y conté lo que me pasó,Agentes educativos/docentes,no escribí otro,Acompañar a las familias para que apoyen el desarrollo y aprendizaje de los niños y niñas.,,Una alimentación que me guste.,,,,,Exploración con la naturaleza.,,Experiencias que me sorprendan y con las que puedo aprender.,,,,,,,Desarrollar mi creatividad y recursividad.,,,Apropiarme e implementar la propuesta pedagógica y los referentes de educación inicial.,,"Identificar situaciones problemáticas en el Centro Infantil / Institución Educativa y generar soluciones creativas, de manera colaborativa e interdisciplinaria.",,
190.144.23.177,Sí,04/22/2021,ANTIOQUIA,CI JESUS AMIGO,1 a 4 años,Profesional no Licenciado,21 a 30 años,Mujer,"Hace algunos años trabajé como auxiliar docente en Buen comienzo, ahora como psicosocial. En ese tiempo de auxiliar docente no era madre y estaba muy joven, por lo tanto no había desarrollado una afinidad,madurez y sensibilidad hacia la infancia como lo siento en la actualidad, sí la tenia, pero hoy es mas profunda. Es una experiencia que me han marcado como persona, ya que fue una época frustrarte de aprendizajes dado que no comprendía como maneja diversas situaciones que se nos presentan día a día.  Estar hoy con otro nivel de consciencia comprendo la importancia del buen trato, el amor, la comunicación asertiva y la lucha constante por los derechos de nuestras niñas y niños,  el respeto por nuestro equipo de trabajo, y el dar mas con la única intención de servirle al otro. La formación, la experiencia y la vocación son de vital importancia cuando tu función es social y comunitaria en pro de un mejor mañana para todos los seres que nos rodean.",Orgullo/Satisfacción,Todo el tiempo,,,,,,,,,El trabajo colaborativo entre los agentes educativos/docentes.,La articulación entre la propuesta pedagógica y el proyecto educativo institucional.,,La garantía de derechos de los niños y las niñas,Fui muy honesto y conté lo que me pasó,Otro,En la historia quise resaltar la importancia de la formación y los programas de fortalecimiento,"Fortalecerme como agente educativo/docente para alcanzar mis proyectos personales, familiares y profesionales.",,,,,,,,Lugares donde me sienta tranquilo(a) y alegre.,Experiencias que me sorprendan y con las que puedo aprender.,,Sentirme seguro(a)  y protegido(a) por los adultos que me rodean.,,,,,,Motivar la vinculación de las familias a las propuestas del Centro Infantil / Institución Educativa.,,Apropiarme e implementar la propuesta pedagógica y los referentes de educación inicial.,,"Identificar situaciones problemáticas en el Centro Infantil / Institución Educativa y generar soluciones creativas, de manera colaborativa e interdisciplinaria.",,
190.146.166.65,Sí,04/22/2021,ANTIOQUIA,CI JESUS AMIGO ZONA 30 DOS,11 a 15 años,Licienciado,31 a 40 años,Mujer,"mi historia es sobre lo que se esta viviendo en la actualidad, las multiples exigencias del programa pero la poca colaboración de las familias, en los encuentros virtuales casi siempre son los mismos, algo que si pasa es la conexión como es nueva para todos he ido aprendiendo truquitos por que al principio si me veía embalada y los participantes esperando",Impotencia,De vez en cuando,La apropiación y uso de herramientas tecnológicas.,,La vinculación de las familias a las propuestas educativas.,,,,"La calidad de las interacciones entre agentes educativos/docentes, familias, niños y niñas.",,,,,,Fui muy honesto y conté lo que me pasó,Familias y otras personas significativas,ninguno,Acompañar a las familias para que apoyen el desarrollo y aprendizaje de los niños y niñas.,,,,,,Más momentos de juego y diversión.,,,,,,,,,,Desarrollar mi creatividad y recursividad.,Motivar la vinculación de las familias a las propuestas del Centro Infantil / Institución Educativa.,Actualizar mis conocimientos para innovar en mis prácticas.,,,,,
191.95.147.7,Sí,04/23/2021,ANTIOQUIA,CI MANRIQUE LA HONDA,5 a 10 años,Otros,31 a 40 años,Mujer,LA ADPATACION A LA HERRAMIENTAS TECNOLOGICAS PARA COMUNICARNOS CON LOS NIÑOS Y NIÑAS DE NUESTRO CENTRO INFANTIL,Motivación,Todo el tiempo,La apropiación y uso de herramientas tecnológicas.,,La vinculación de las familias a las propuestas educativas.,,,,"La calidad de las interacciones entre agentes educativos/docentes, familias, niños y niñas.",,,,,,Fui muy honesto y conté lo que me pasó,Otro,TODOS SOMOS LOS ACTORES DE LAS HISTORIA,Acompañar a las familias para que apoyen el desarrollo y aprendizaje de los niños y niñas.,,Una alimentación que me guste.,,Que mi familia me acompañe más.,,,,,Experiencias que me sorprendan y con las que puedo aprender.,,,,,,,Desarrollar mi creatividad y recursividad.,Motivar la vinculación de las familias a las propuestas del Centro Infantil / Institución Educativa.,Actualizar mis conocimientos para innovar en mis prácticas.,,,,,
181.140.113.126,Sí,04/23/2021,ANTIOQUIA,CI MANRIQUE LA HONDA,Menos de 1 año,Profesional no Licenciado,21 a 30 años,Mujer,"Como el centro infantil la honda comenzó labores hace poco, acompañe el proceso de matrículas y me encantó las familias, todas muy dispuestas a realizar todo lo relacionado con los niños y sus actividades, me sentí muy feliz al realizar este proceso, porque a pesar de las diferentes dinámicas sociales se ve que son personas que siempre buscan su resiliencia y estar feliz consigo mismos y su entorno. ",Motivación,Única vez,,,La vinculación de las familias a las propuestas educativas.,,,,,,,,,,Fui muy honesto y conté lo que me pasó,Familias y otras personas significativas,Ninguna ,Acompañar a las familias para que apoyen el desarrollo y aprendizaje de los niños y niñas.,Profes más afectivos,,Objetos y cosas para crear y jugar.,,,,,,,,Sentirme seguro(a)  y protegido(a) por los adultos que me rodean.,,,,Desarrollar mis capacidades socioemocionales.,Desarrollar mi creatividad y recursividad.,,,,,"Identificar situaciones problemáticas en el Centro Infantil / Institución Educativa y generar soluciones creativas, de manera colaborativa e interdisciplinaria.",,
186.81.102.95,Sí,04/22/2021,ANTIOQUIA,CI MANRIQUE LA HONDA,11 a 15 años,Licienciado,31 a 40 años,Mujer,"el primer día como agente educativa en un preescolar privado, llena de angustias, miedos, emociones y me correspondió el grupo de Párvulos y ellos como es normal en su proceso de adaptación lloraban y gritaban y en la mitad del salón muy acalorada comencé a llorar y una practicante del preescolar fue a ayudarme y me dio la mejor recomendación que desde ese dia la tengo en practica para realizar mi labor SEA FELIZ Y HAGA LAS COSAS CON AMOR, PACIENCIA Y GUSTO QUE LOS NIÑOS LO SIENTEN y esto ayudo a mejorar la actitud de los niños y niñas y poder apoyarlos en su adaptación",Motivación,Única vez,,,,,El desempeño de los agentes educativos/docentes y sus prácticas.,,"La calidad de las interacciones entre agentes educativos/docentes, familias, niños y niñas.",El acompañamiento al tránsito educativo de las niñas y los niños.,,,,,Fui muy honesto y conté lo que me pasó,Agentes educativos/docentes,no,"Fortalecerme como agente educativo/docente para alcanzar mis proyectos personales, familiares y profesionales.",,,,,,,,,,Compartir (liderar) experiencias con los demás.,Sentirme seguro(a)  y protegido(a) por los adultos que me rodean.,Contar con ambientes para disfrutar,,,Desarrollar mis capacidades socioemocionales.,,Motivar la vinculación de las familias a las propuestas del Centro Infantil / Institución Educativa.,Actualizar mis conocimientos para innovar en mis prácticas.,,,,,
181.51.72.218,Sí,3/05/2021,ANTIOQUIA,CI MANRIQUE LA HONDA,11 a 15 años,Licienciado,31 a 40 años,Mujer,"el primer día como agente educativa en un preescolar privado, llena de angustias, miedos, emociones y me correspondió el grupo de Párvulos y ellos como es normal en su proceso de adaptación lloraban y gritaban y en la mitad del salón muy acalorada comencé a llorar y una practicante del preescolar fue a ayudarme y me dio la mejor recomendación que desde ese dia la tengo en practica para realizar mi labor SEA FELIZ Y HAGA LAS COSAS CON AMOR, PACIENCIA Y GUSTO QUE LOS NIÑOS LO SIENTEN y esto ayudo a mejorar la actitud de los niños y niñas y poder apoyarlos en su adaptación",Alegría,De vez en cuando,,,,El desempeño de los agentes educativos/docentes y sus prácticas.,La disposición intencionada de los ambientes pedagógicos y otros espacios.,"La calidad de las interacciones entre agentes educativos/docentes, familias, niños y niñas.",Fui muy honesto y conté lo que me pasó,Agentes educativos/docentes,no,"Fortalecerme como agente educativo/docente para alcanzar mis proyectos personales, familiares y profesionales.",Profes más afectivos,,,Más momentos de juego y diversión.,Lugares donde me sienta tranquilo(a) y alegre.,,,Desarrollar mis capacidades socioemocionales.,Actualizar mis conocimientos para innovar en mis prácticas.,Crear o hacer parte de comunidades de aprendizaje con otros actores.,,,,,,,,,,,,,,,,,,,
191.156.14.181,Sí,04/23/2021,ANTIOQUIA,CI MANRIQUE VERSALLES,5 a 10 años,Profesional no Licenciado,31 a 40 años,Mujer,"Cuando llegas al Centro Infantil y las familias y/o personas significativas te reconocen y te nombran; los niños y niñas se te acercan y te abrazan y te dicen ""te quiero mucho"", eso enriquece el alma y causa una satisfacción profesional y personal indescriptible. Cuando logras interactuar con alguien que no es fácil y se logran esos procesos adecuados para el desarrollo integral de los niños y las niñas son claras muestras de que las familias no son difíciles, solo hay que saber como llegarles; hay familias que no se involucran al 100% en los procesos, pero cuando indagas, entiendes el porque de ello y conjuntamente se logran dar posibles soluciones, educar  a las familias desde el amor y el respeto, es enseñarles a los niños con mas amor.",Orgullo/Satisfacción,Todo el tiempo,,,,,,,"La calidad de las interacciones entre agentes educativos/docentes, familias, niños y niñas.",,,,"Gestión socioemocional de los agentes educativos/docentes, familias, niños y niñas.",La garantía de derechos de los niños y las niñas,Fui muy honesto y conté lo que me pasó,Familias y otras personas significativas,ninguno,Acompañar a las familias para que apoyen el desarrollo y aprendizaje de los niños y niñas.,Profes más afectivos,,,Que mi familia me acompañe más.,,,,,,,Sentirme seguro(a)  y protegido(a) por los adultos que me rodean.,,,,Desarrollar mis capacidades socioemocionales.,,,Actualizar mis conocimientos para innovar en mis prácticas.,,,"Identificar situaciones problemáticas en el Centro Infantil / Institución Educativa y generar soluciones creativas, de manera colaborativa e interdisciplinaria.",,
200.122.194.163,Sí,04/22/2021,ANTIOQUIA,CI POR UN NUEVO SANTANDER,5 a 10 años,Licienciado,31 a 40 años,Mujer,"Cuando empece en el centro infantil como docente tuve mucho miedo a enfrentarme al cambio ya que me encontré con maestras muy creativas y con un nivel de espontaneidad al maximo con el cual yo no contaba o no habia explorado, los primeros meses fueron un poco complicados pero día a día  descubrí que  este era un lugar mágico y lleno de felicidad, deje a tras los temores y el no lo voy hacer o no soy capaz para ser super feliz y hoy digo que este centro infantil ha sido una gran escuela y he crecido como persona y profesionalmente   ",Orgullo/Satisfacción,De vez en cuando,,,,El desempeño de los agentes educativos/docentes y sus prácticas.,,Fui muy honesto y conté lo que me pasó,Agentes educativos/docentes,ninguno ,"Fortalecerme como agente educativo/docente para alcanzar mis proyectos personales, familiares y profesionales.",Una alimentación que me guste.,Que mi familia me acompañe más.,,Experiencias que me sorprendan y con las que puedo aprender.,Desarrollar mi creatividad y recursividad.,Motivar la vinculación de las familias a las propuestas del Centro Infantil / Institución Educativa.,Actualizar mis conocimientos para innovar en mis prácticas.,,,,,,,,,,,,,,,,,,,,,,,
190.251.0.187,Sí,04/29/2021,ANTIOQUIA,CI SER Y HACER CARAMBOLAS,5 a 10 años,Otros,41 a 50 años,Mujer,"en este momento estoy ejerciendo la de enfermería auxiliar, no la había llegado a ejercer ya que antes estaba de agente educativa, pero por el recorte de personal me quede como enfermera auxiliar de la corporación, e aprendido mucho; y también ha sido una experiencia muy significativa.",Motivación,Única vez,La apropiación y uso de herramientas tecnológicas.,,,,,,,,El trabajo colaborativo entre los agentes educativos/docentes.,,,La garantía de derechos de los niños y las niñas,Reflexioné y aprendí algo nuevo,Otro,yameira jaramillo rua,Solucionar la situación poniendo en práctica mis conocimientos profesionales y personales.,,,,Que mi familia me acompañe más.,,,Exploración con la naturaleza.,,,,Sentirme seguro(a)  y protegido(a) por los adultos que me rodean.,,,,,Desarrollar mi creatividad y recursividad.,,Actualizar mis conocimientos para innovar en mis prácticas.,,,"Identificar situaciones problemáticas en el Centro Infantil / Institución Educativa y generar soluciones creativas, de manera colaborativa e interdisciplinaria.",,
181.58.39.105,Sí,04/23/2021,ANTIOQUIA,CI SER Y HACER CARAMBOLAS,1 a 4 años,Normalista,21 a 30 años,Mujer,"Hace algunos días se presenta una historia con una madre de uno de mis niños, la cual dejó de participar en los encuentros educativos que se tienen todos los días con los niños y las niñas de manera virtual, la madre dejó de atender a mis llamadas y los demás integrantes de la familia solo me decían que la madre ya no tenía celular, entonces empecé a establecer comunicación con la abuela del niño la cual me dijo que ella se haría cargo de desarrollar todas las experiencias con el niño, hasta que un día la abuela me dijo que iban a sacar el niño del programa ya que ella no se podía seguir conectando ni haciendo las experiencias con el niño. Yo traté de convencerla para que no sacaran el niño del programa y me conecté con una tía del niño para que ella se hiciera cargo y el niño pudiera seguir con su proceso de desarrollo, y así fue la tía se comprometió y el niño aún se encuentra en el programa disfrutando de todos sus beneficios.",Alegría,Única vez,,,La vinculación de las familias a las propuestas educativas.,,,,"La calidad de las interacciones entre agentes educativos/docentes, familias, niños y niñas.",,,,,La garantía de derechos de los niños y las niñas,Fui muy honesto y conté lo que me pasó,Niños/niñas,No,Acompañar a las familias para que apoyen el desarrollo y aprendizaje de los niños y niñas.,,,,,,,,Lugares donde me sienta tranquilo(a) y alegre.,Experiencias que me sorprendan y con las que puedo aprender.,,Sentirme seguro(a)  y protegido(a) por los adultos que me rodean.,,,,,,Motivar la vinculación de las familias a las propuestas del Centro Infantil / Institución Educativa.,Actualizar mis conocimientos para innovar en mis prácticas.,,,"Identificar situaciones problemáticas en el Centro Infantil / Institución Educativa y generar soluciones creativas, de manera colaborativa e interdisciplinaria.",,
181.51.32.75,Sí,04/29/2021,ANTIOQUIA,CI SUSANITA DIAZ,5 a 10 años,Licienciado,21 a 30 años,Mujer,"Como agente educativa ha sido muy significativo y me ha conmocionado de manera positiva el hecho de enseñarle a los niños y niñas palabras mágicas como “buenos días”, “buenas noches”, ”gracias”, “por favor”, “si señor” entre muchas otras frases de cordialidad, esto fue evidenciado en las réplicas que cada uno y una hacía en sus hogares, pero sobre todo  lo descubrí  un día cualquiera del año 2019 que llego una madre en el horario de la salida a la sala de desarrollo ella muy pacientemente espero a que yo despachara todos los niños y niñas para dirigirse hacia mí con gratitud por la bonita labor que durante esos meses venía realizando con su hijo, luego de esto ella me pregunta con curiosidad ¿Cómo logro que mi hijo le diera tanto valor a las palabras mágicas como dice él? Nosotros en el hogar no se lo hemos enseñado a hora es el quien nos enseña contantemente, a lo anterior yo muy respetuosamente le respondí mamá con paciencia, educación, ejemplo, amor y perseverancia es posible lograr lo que nos proponemos.",Motivación,Todo el tiempo,,La forma como está organizado el día a día de los niños y las niñas en el Centro Infantil o Institución Educativa.,,,El desempeño de los agentes educativos/docentes y sus prácticas.,,"La calidad de las interacciones entre agentes educativos/docentes, familias, niños y niñas.",,,,,,Fui muy honesto y conté lo que me pasó,Niños/niñas,N/A,Potenciar el desarrollo de los niños y las niñas.,Profes más afectivos,,,Que mi familia me acompañe más.,,,,,,,Sentirme seguro(a)  y protegido(a) por los adultos que me rodean.,,,,,Desarrollar mi creatividad y recursividad.,Motivar la vinculación de las familias a las propuestas del Centro Infantil / Institución Educativa.,Actualizar mis conocimientos para innovar en mis prácticas.,,,,,
181.140.100.11,Sí,04/23/2021,ANTIOQUIA,CI SUSANITA DIAZ,1 a 4 años,Profesional no Licenciado,31 a 40 años,Mujer,"En un viernes me fue de vestido y un niño le dijo a la agente educativa que yo era la mujer maravilla, porque hacia muchas cosas y tenía vestido",Alegría,Única vez,,,,,,,,,,,"Gestión socioemocional de los agentes educativos/docentes, familias, niños y niñas.",,Fui muy honesto y conté lo que me pasó,Niños/niñas,n/A,"Fortalecerme como agente educativo/docente para alcanzar mis proyectos personales, familiares y profesionales.",,,Objetos y cosas para crear y jugar.,,,,Exploración con la naturaleza.,,,,Sentirme seguro(a)  y protegido(a) por los adultos que me rodean.,,,,,Desarrollar mi creatividad y recursividad.,,,,Crear o hacer parte de comunidades de aprendizaje con otros actores.,"Identificar situaciones problemáticas en el Centro Infantil / Institución Educativa y generar soluciones creativas, de manera colaborativa e interdisciplinaria.",,
