respondent_id,collector_id,date_created,date_modified,ip_address,email_address,first_name,last_name,custom_1,"Autorizo a United Way Colombia a realizar toma de fotografías, videos o entrevistas en las que aparezco y cedo el uso de mi imagen y registros de las actividades en las cuales participé, para los fines contemplado en la Política de Privacidad para el Tratamiento de Datos Personales de dicha entidad, en la cual se incluyen, entre otras, la realización de piezas de comunicación interna y externa. Como titular de los datos podré, en cualquier momento, solicitar que la información sea modificada, actualizada o retirada de las bases de datos de United Way Colombia. Lo invitamos a conocer los detalles en: https://bit.ly/2O4diuQ",DEPARTAMENTO,NOMBRE DEL CENTRO EDUCATIVO,"Queremos saber cuánto te gusta ir al colegio, estudiar y aprender. Piensa en algo que te haya sucedido el año pasado en tu colegio, que te produjo una de estas trescosas. Escoge una:","De acuerdo con la situación que escogiste en la pregunta anterior ¿Cuál experiencia compartirías? Describe la experiencia, y lo que pasó",Sugiere un #hashtag o un título para tu respuesta anterior:,En la experiencia que escribí… (historia),Mi historia está relacionada con…,Esa situación me ayudó a…,Esta situación me va a ayudar a…,Esto me ayudó a entender…,En mi escuela mis profesores se dedican a…,Pensando en la situación/ejemplo que compartí... Esto me animó a aprender…,Lo que aprendí fue…,Lo que aprendí tiene importancia para…,Esta situación me generó una sensación de… ,Esta situación sucede…,Esta historia se relaciona con…,Grado...,Edad... ,El nivel de educación de mis padres o acudientes es…,Género
13035042544,406706099,2021-10-11 07:09:14,2021-10-11 07:16:22,132.255.22.121,,,,,Sí,ATLÁNTICO,IED Villas de San Pablo,te enseñó algo nuevo,Si aprendí muchas cosas nuevas sobretodo en el eres de naturalez y tecnología ,#aprendi ,Aprendí algo nuevo,Quienes me rodean,Aprender cosas,Entender mejor,Lo que podría pasar en el futuro,,100,50,50,Tristeza,No se,Tecnología y herramientas digitales,6,11 a 13 años,Técnico,Mujer
13034150683,406706099,2021-10-10 20:11:07,2021-10-10 20:27:28,179.19.208.61,,,,,Sí,ATLÁNTICO,IED Villas de San Pablo,te confundió,Confundida con este tipo de aprendizaje por internet,#desorientada,Me sentí confundido/no entendí nada,Conmigo mismo,Aprender cosas,Entender mejor,Lo que podría pasar en el futuro,Entendernos y darnos soporte emocional,78,100,51,Tristeza,Rara vez,Relación con los compañeros,6,11 a 13 años,Bachiller,Mujer
13033837632,406706099,2021-10-10 15:38:04,2021-10-10 15:43:41,186.170.112.147,,,,,Sí,ATLÁNTICO,IED Villas de San Pablo,te enseñó algo nuevo,Aprendí cosas nuevas en cada materia ??,Aprendiendo cosas nuevas ,Aprendí algo nuevo,Conmigo mismo,Aprender cosas,Hacer cosas,Lo que podría pasar en el futuro,Ayudarnos a alcanzar lo que nos proponemos,37,51,100,Esperanza,No se,Lo que hago en las horas de clase,6,11 a 13 años,No se,Hombre
13033652173,406706099,2021-10-10 12:22:17,2021-10-10 12:34:50,186.30.167.18,,,,,Sí,ATLÁNTICO,IED Villas de San Pablo,te dio curiosidad por aprender más,Fue buena,Fue buena,Me dio curiosidad por saber más,Mi país/el mundo,Entender a lo que pasa a mi alrededor,Entender mejor,Lo que pasa hoy,Ayudarnos a alcanzar lo que nos proponemos,50,50,50,Felicidad,Con frecuencia,La forma cómo los profesores enseñan,6,11 a 13 años,Universitario,Hombre
13033590206,406706099,2021-10-10 11:24:01,2021-10-10 11:30:27,132.255.22.121,,,,,Sí,ATLÁNTICO,IED Villas de San Pablo,te enseñó algo nuevo,Pues que aya tenia dificultades pero aca aprendo mejor,No,Aprendí algo nuevo,Conmigo mismo,Aprender cosas,Entender mejor,Lo que podría pasar en el futuro,Ayudarnos a alcanzar lo que nos proponemos,100,100,45,Esperanza,Una vez,La forma cómo los profesores enseñan,6,11 a 13 años,Bachiller,Mujer
13033553189,406706099,2021-10-10 10:43:35,2021-10-10 10:57:59,186.30.167.18,,,,,Sí,ATLÁNTICO,IED Villas de San Pablo,te dio curiosidad por aprender más,El coronavirus ,Cuidar nuestra vida ,Aprendí algo nuevo,Mi país/el mundo,Entender a lo que pasa a mi alrededor,Entender mejor,Lo que podría pasar en el futuro,Entendernos y darnos soporte emocional,39,26,24,Esperanza,Todo el tiempo,El cuidado del medio ambiente,6,11 a 13 años,Bachiller,Hombre
13033381780,406706099,2021-10-10 07:55:32,2021-10-10 08:01:17,190.84.118.12,,,,,Sí,ATLÁNTICO,IED Villas de San Pablo,te dio curiosidad por aprender más,Cada vez que un docente comparte un nuevo tema de estudio.. Siento ganas de seguir aprendiendo algo nuevo.. Es una gran oportunidad de aprender y adquirir conocimientos y aprendizajes nuevos y desafíos. ,"#NUEVA CLASE, UN NUEVO DESAFÍO DE APRENDIZAJE Y CONOCIMIENTO. ",Aprendí algo nuevo,Quienes me rodean,Desarrollar mis habilidades,Ser más creativo,Lo que podría pasar en el futuro,Mostrarnos nuevos mundos y nuevas posibilidades,100,0,100,Satisfacción/orgullo,Todo el tiempo,Innovación / creatividad,6,11 a 13 años,Bachiller,Mujer
13032780428,406706099,2021-10-09 19:46:30,2021-10-09 19:53:50,190.84.117.218,,,,,Sí,ATLÁNTICO,IED Villas de San Pablo,te enseñó algo nuevo,Que e aprendido a muchas cosas que no sabia,#educarsemás,Aprendí algo nuevo,Quienes me rodean,Desarrollar mis habilidades,Hacer cosas,Lo que pasa hoy,Mostrarnos nuevos mundos y nuevas posibilidades,100,20,95,Felicidad,Con frecuencia,Cómo resolver conflictos,7,11 a 13 años,Bachiller,Mujer
13032571703,406706099,2021-10-09 13:29:38,2021-10-09 15:37:08,132.255.22.121,,,,,No,ATLÁNTICO,IED Villas de San Pablo,te enseñó algo nuevo,Aprendi algo nuevo porque me ayudó a entender muchas cosas que no sabía cada año aprendo algo nuevo y más experiencias lo que pasó fue yo no entiendia una clase y no la entendía y no le entendía hasta que pasaron varios días para que yo la pudiera entender me esforcé mucho para poder saber qué es lo que significaba una cosa y lo que significaba otra,Cada día se aprende algo nuevo con esfuerzo,Aprendí algo nuevo,Conmigo mismo,Entender a lo que pasa a mi alrededor,Entender mejor,Lo que podría pasar en el futuro,Mostrarnos nuevos mundos y nuevas posibilidades,100,0,100,Felicidad,No se,Relación con los compañeros,6,11 a 13 años,Bachiller,Mujer
13032567721,406706099,2021-10-09 15:22:16,2021-10-09 15:30:09,181.78.12.219,,,,,Sí,ATLÁNTICO,IED Villas de San Pablo,te confundió,Las nuevas temáticas de matemáticas ya que en primaria no me daban temas tan complejos pero en cuanto entré a sexto me empezaron a dar mucho más difíciles,Complicaciones matemáticas,Me sentí confundido/no entendí nada,Conmigo mismo,Desarrollar mis habilidades,Entender mejor,Lo que pasa hoy,Ayudarnos a alcanzar lo que nos proponemos,100,50,80,Angustia/Miedo,Con frecuencia,Ninguna de las anteriores,7,11 a 13 años,Bachiller,Mujer
13032458328,406706099,2021-10-09 13:21:38,2021-10-09 13:28:07,191.89.242.121,,,,,Sí,ATLÁNTICO,IED Villas de San Pablo,te dio curiosidad por aprender más,El cambio de clase a estar encerrado en casa,#que cabe toda esta pandemia,Aprendí algo nuevo,Mi país/el mundo,Entender a lo que pasa a mi alrededor,Entender mejor,Lo que pasa hoy,Ayudarnos a alcanzar lo que nos proponemos,100,100,100,Esperanza,Todo el tiempo,Mi aporte a la humanidad/al mundo/a los demás,6,11 a 13 años,Bachiller,Hombre
13032458379,406706099,2021-10-09 13:21:01,2021-10-09 13:27:30,191.156.29.210,,,,,Sí,ATLÁNTICO,IED Villas de San Pablo,te enseñó algo nuevo,Mi experiencia fue que mi casa se convirtió en mi escuela y mis padres en los maestro,La pandemia nos dejó muchos aprendizajes,Aprendí algo nuevo,Quienes me rodean,Entender a lo que pasa a mi alrededor,Ser más creativo,Lo que podría pasar en el futuro,Ayudarnos a alcanzar lo que nos proponemos,90,34,100,Esperanza,Una vez,El trabajo en equipo,6,11 a 13 años,Universitario,Hombre
13032436482,406706099,2021-10-09 12:51:58,2021-10-09 13:06:06,132.255.22.121,,,,,Sí,ATLÁNTICO,IED Villas de San Pablo,te enseñó algo nuevo,Que me eseño algo nuebo,El mejor colegio que eseña hagol nuevo,Aprendí algo nuevo,Quienes me rodean,Entender a lo que pasa a mi alrededor,Entender mejor,Lo que podría pasar en el futuro,Mostrarnos nuevos mundos y nuevas posibilidades,100,100,100,Satisfacción/orgullo,Todo el tiempo,La forma cómo los profesores enseñan,6,11 a 13 años,Bachiller,Hombre
12998316806,406706099,2021-09-27 07:24:53,2021-10-07 08:53:45,161.10.151.157,,,,,Sí,ATLÁNTICO,IED Villas de San Pablo,te dio curiosidad por aprender más,,,Me dio curiosidad por saber más,Conmigo mismo,Aprender cosas,Hacer cosas,Lo que podría pasar en el futuro,Entendernos y darnos soporte emocional,48,2,3,Indiferencia,Todo el tiempo,La forma como los profesores me evalúan,,,,
13005954653,406706099,2021-09-29 14:17:11,2021-09-29 14:29:38,132.255.22.121,,,,,Sí,ATLÁNTICO,IED Villas de San Pablo,te enseñó algo nuevo,"El año pasa realizaron un concurso de deletreo en inglés, al principio tenía ganas pero no sabía si podría o no podría, pero un amigo que iba a participar me animo a hacerlo al final quedé en el cuarto puesto y aprendí que no se me da nada mal el inglés.",Deletreo en inglés,Aprendí algo nuevo,Quienes me rodean,Desarrollar mis habilidades,Hacer cosas,Lo que podría pasar en el futuro,Ayudarnos a alcanzar lo que nos proponemos,19,65,64,Felicidad,Con frecuencia,La forma cómo los profesores enseñan,8,14 a 16 años,No se,Hombre
13005954264,406706099,2021-09-29 14:15:55,2021-09-29 14:29:09,179.19.69.202,,,,,Sí,ATLÁNTICO,IED Villas de San Pablo,te enseñó algo nuevo,"Sobre cuando comenzó la pandemia fue algo muy duro para todos al ver que muchas personas se han ido, al ver que nos tocó un nuevo método de estudio el cual al principio no tenía la mejor organización y eso estresaba mucho y la consecuencias de esta causa para mí fue: caída del cabello, ansiedad, depresión, estrés y mucho cansancio me costaba hacer mucho las tareas ya que siempre he quedado en los primeros puesto y no quería bajar de ahí entonces me propuse a perseverar de la mejor forma en mis estudios entonces empecé a organizarme, poner alarmas de cuando tenía que comenzar, descansar y terminar mis tareas sin sobrepasarse, hice listas y a medida que iba terminado alguna tarea la iba tachando, también fue algo muy fundamental automotivarme yo misma me afirmaba frases que me motivaran y siguiera adelanta eso fue lo que más me ayudó y gracias a eso pude terminar mi año escolar triunfando y en el primer puesto como siempre y eso aún más me motivo en salir adelante y no dejarme vencer del miedo y de las dificultades y de todo eso aprendí que si crees en ti mismo puedes lograr todo lo que te propongas y así vas a perseverar",#Perseveraatumanera,Aprendí algo nuevo,Conmigo mismo,Desarrollar mis habilidades,Entender mejor,Lo que podría pasar en el futuro,Entendernos y darnos soporte emocional,6,100,98,Satisfacción/orgullo,Rara vez,Innovación / creatividad,8,14 a 16 años,No se,Hombre
13005946608,406706099,2021-09-29 14:15:19,2021-09-29 14:26:29,179.19.220.123,,,,,Sí,ATLÁNTICO,IED Villas de San Pablo,te enseñó algo nuevo,Este año he aprendido cosas nuevas que no sabía por ejemplo en física y en otras materias he aprendido cosas nuevas que no sabía y por eso me gusta estudiar para aprender.por ejemplo aprendí que con la temperatura la torre Eiffel se reduce y aveces se alarga más era algo que yo no sabía,Cosas que talvez no sabías,Aprendí algo nuevo,Conmigo mismo,Aprender cosas,Entender mejor,Lo que pasa hoy,Ayudarnos a alcanzar lo que nos proponemos,67,36,53,Felicidad,No se,Ninguna de las anteriores,8,14 a 16 años,Bachiller,Mujer
13005930794,406706099,2021-09-29 14:14:52,2021-09-29 14:21:11,186.30.167.18,,,,,Sí,ATLÁNTICO,IED Villas de San Pablo,te dio curiosidad por aprender más,Conocer cosas nuevas sobre el tema ,#AprendeEnTIC,Me dio curiosidad por saber más,Conmigo mismo,Aprender cosas,Hacer cosas,Lo que podría pasar en el futuro,Ayudarnos a alcanzar lo que nos proponemos,0,13,50,Satisfacción/orgullo,Una vez,Innovación / creatividad,8,11 a 13 años,Técnico,Hombre
13005930589,406706099,2021-09-29 14:12:42,2021-09-29 14:21:11,186.30.167.18,,,,,Sí,ATLÁNTICO,IED Villas de San Pablo,te enseñó algo nuevo,Un concurso de ingles llamado spelling bee,El concurso del año,Aprendí algo nuevo,Quienes me rodean,Desarrollar mis habilidades,Entender mejor,Lo que podría pasar en el futuro,Ayudarnos a alcanzar lo que nos proponemos,86,20,17,Satisfacción/orgullo,Con frecuencia,El trabajo en equipo,8,11 a 13 años,Bachiller,Mujer
13005928971,406706099,2021-09-29 14:13:31,2021-09-29 14:21:07,132.255.22.121,,,,,Sí,ATLÁNTICO,IED Villas de San Pablo,te enseñó algo nuevo,que nadie puede pelear por cosas que pueden arreglar hablando por que el año pasado muchos compañeros peleaban cuando los profesores salian del salon peleaban si sentido y los profesores nos hicieron entender que hay que conversar y no pelear,No hay que pelear si se puede conversar ,Aprendí algo nuevo,Quienes me rodean,Aprender cosas,Entender mejor,Lo que pasaba antes,Mostrarnos nuevos mundos y nuevas posibilidades,50,20,50,Tristeza,Con frecuencia,Cómo resolver conflictos,8,14 a 16 años,Técnico,Mujer
13005924834,406706099,2021-09-29 14:15:12,2021-09-29 14:19:41,132.255.22.121,,,,,No,ATLÁNTICO,IED Villas de San Pablo,te confundió,,,Aprendí algo nuevo,Conmigo mismo,Aprender cosas,Entender mejor,Lo que podría pasar en el futuro,Entendernos y darnos soporte emocional,15,92,89,,Rara vez,Liderazgo,8,14 a 16 años,Universitario,Mujer
13005925160,406706099,2021-09-29 14:14:20,2021-09-29 14:19:06,186.30.167.18,,,,,Sí,ATLÁNTICO,IED Villas de San Pablo,te enseñó algo nuevo,LO QUE ME SUCEDIO ESE DIA FUE QUE UN PROFESOR ME EXPLICO A COMO USAR UN ARTEFACTO MAGNETICO NO SOLO PARA QUE SEA UN IMAN SI NO ERA QUE EL ARTEFACTO MAGNETICO PERMITIRIA PODER MEDIR LA GRAVEDAD DE UN CUERPO. Y AHI APRENDI ALGO NUEVO,#ALGO NUEVO,Aprendí algo nuevo,Mi país/el mundo,Entender a lo que pasa a mi alrededor,Ser más creativo,Lo que podría pasar en el futuro,Mostrarnos nuevos mundos y nuevas posibilidades,20,83,66,Felicidad,Rara vez,Innovación / creatividad,8,14 a 16 años,Técnico,Hombre
13005925312,406706099,2021-09-29 14:13:57,2021-09-29 14:18:58,186.30.167.18,,,,,Sí,ATLÁNTICO,IED Villas de San Pablo,te enseñó algo nuevo,"cuando yo estaba en el colegio, en la clase de ingles siempre prestaba mucha atención porque me gusta mucho el ingles y en ese tiempo e estudiado mas ingles y se mas cosas en ingles. ",#ingles,Aprendí algo nuevo,Conmigo mismo,Aprender cosas,Entender mejor,Lo que podría pasar en el futuro,Mostrarnos nuevos mundos y nuevas posibilidades,50,70,50,Felicidad,Todo el tiempo,Lo que hago en mi tiempo libre,8,11 a 13 años,Universitario,Hombre
12999032676,406706099,2021-09-27 11:19:18,2021-09-27 11:35:04,181.129.146.125,,,,,Sí,ATLÁNTICO,IED Villas de San Pablo,te enseñó algo nuevo,el año pasado fuy a clases presenciales por un tiempo pero comenso la pandemia y no fuy mas precensial pero aprendi muchas cosas  ,# educación virtual,Aprendí algo nuevo,Mi país/el mundo,Desarrollar mis habilidades,Ser más creativo,Lo que podría pasar en el futuro,Ayudarnos a alcanzar lo que nos proponemos,0,50,50,Esperanza,Con frecuencia,La forma como los profesores me evalúan,5,8 a 10 años,Técnico,Mujer
12999008631,406706099,2021-09-27 11:18:11,2021-09-27 11:26:42,201.185.188.109,,,,,No,ATLÁNTICO,IED Villas de San Pablo,te enseñó algo nuevo,YO APRENDO HALGO NUEVO,PUEDO APRENDER ALGO NUEVO,Aprendí algo nuevo,Conmigo mismo,Aprender cosas,Hacer cosas,Lo que podría pasar en el futuro,Mostrarnos nuevos mundos y nuevas posibilidades,0,100,100,Felicidad,Con frecuencia,Lo que hago en mi tiempo libre,5,8 a 10 años,Bachiller,Hombre
12999003283,406706099,2021-09-27 11:20:10,2021-09-27 11:25:04,186.30.167.18,,,,,Sí,ATLÁNTICO,IED Villas de San Pablo,te enseñó algo nuevo,Me sentí bien por que aprendí cosas nuevas ,Lo que aprendí ,Aprendí algo nuevo,Quienes me rodean,Aprender cosas,Ser más creativo,Lo que pasaba antes,Ayudarnos a alcanzar lo que nos proponemos,100,100,100,Felicidad,Una vez,Ninguna de las anteriores,5,11 a 13 años,No se,Mujer
12999002255,406706099,2021-09-27 11:18:34,2021-09-27 11:24:31,186.30.167.18,,,,,Sí,ATLÁNTICO,IED Villas de San Pablo,te dio curiosidad por aprender más,M dio mucha curiosidad por saber más ,#aprendomas,Me dio curiosidad por saber más,Conmigo mismo,Desarrollar mis habilidades,Hacer cosas,Lo que podría pasar en el futuro,Ayudarnos a alcanzar lo que nos proponemos,100,100,100,Satisfacción/orgullo,Con frecuencia,Tecnología y herramientas digitales,5,11 a 13 años,No se,Hombre
12999001689,406706099,2021-09-27 11:17:23,2021-09-27 11:24:21,190.70.121.194,,,,,Sí,ATLÁNTICO,IED Villas de San Pablo,te enseñó algo nuevo,me encanto aprender nuevas cosas con el teclado,#cosasnuevas#aprendo#,Aprendí algo nuevo,Conmigo mismo,Desarrollar mis habilidades,Entender mejor,Lo que pasaba antes,Mostrarnos nuevos mundos y nuevas posibilidades,100,50,0,Esperanza,Todo el tiempo,El trabajo en equipo,5,8 a 10 años,No se,Hombre
12998987224,406706099,2021-09-27 11:15:18,2021-09-27 11:19:02,201.185.185.45,,,,,Sí,ATLÁNTICO,IED Villas de San Pablo,te enseñó algo nuevo,Cuando realizamos un experimento,#experimento,Aprendí algo nuevo,Conmigo mismo,Aprender cosas,Entender mejor,Lo que pasa hoy,Ayudarnos a alcanzar lo que nos proponemos,99,0,100,Felicidad,Rara vez,Innovación / creatividad,5,8 a 10 años,No se,Mujer
12998882231,406706099,2021-09-27 10:28:27,2021-09-27 10:46:57,190.84.117.193,,,,,Sí,ATLÁNTICO,IED Villas de San Pablo,te enseñó algo nuevo,"Fue este año, la seño de arte nos ha enseñado muchas cosas este año, pero ahora nos enseñó algo Q me llamó mucho la atención,la mucica, la seño nos esta enseñando las notas mucica les y me interesa mucho ya Q me ayuda a aprender mas sobre la mucica y también por Q yo toco el piano y me ayuda a aprender a tocar el piano??",#aprendí más sobre la mucica ,Me dio curiosidad por saber más,Conmigo mismo,Desarrollar mis habilidades,Hacer cosas,Lo que podría pasar en el futuro,Ayudarnos a alcanzar lo que nos proponemos,5,28,50,no está seguro,Rara vez,Lo que hago en mi tiempo libre,5,11 a 13 años,No se,Mujer
12998872343,406706099,2021-09-27 10:32:28,2021-09-27 10:45:41,190.70.115.43,,,,,Sí,ANTIOQUIA,IED Villas de San Pablo,te enseñó algo nuevo,en el salon de clases la seño puso un bideo y me ayudo a entender el tema ,,Me dio curiosidad por saber más,Conmigo mismo,Aprender cosas,Entender mejor,Lo que pasa hoy,Ayudarnos a alcanzar lo que nos proponemos,15,2,21,Felicidad,Con frecuencia,Lo que hago en las horas de clase,5,8 a 10 años,No se,Mujer
12998867487,406706099,2021-09-27 10:39:01,2021-09-27 10:44:11,132.255.22.121,,,,,Sí,ATLÁNTICO,IED Villas de San Pablo,te enseñó algo nuevo,Que yo no entendía y el profesor me ayudo,Ayudarme,Aprendí algo nuevo,Conmigo mismo,Aprender cosas,Entender mejor,Lo que pasaba antes,Entendernos y darnos soporte emocional,81,25,7,Felicidad,Con frecuencia,La forma cómo los profesores enseñan,4,8 a 10 años,No se,Mujer
12998864609,406706099,2021-09-27 10:34:23,2021-09-27 10:42:28,132.255.22.121,,,,,Sí,ATLÁNTICO,IED Villas de San Pablo,te confundió,No sabía que iba hacer,La confusión,Aprendí algo nuevo,Quienes me rodean,Aprender cosas,Hacer cosas,Lo que pasa hoy,Ayudarnos a alcanzar lo que nos proponemos,47,50,50,Felicidad,Una vez,El trabajo en equipo,5,11 a 13 años,No se,Mujer
12998865450,406706099,2021-09-27 10:30:09,2021-09-27 10:39:22,132.255.22.121,,,,,Sí,ATLÁNTICO,IED Villas de San Pablo,te confundió,el uso de la plataforma sian ya que nunca antes la había utilizado ,#usa la plataforma ,Aprendí algo nuevo,Conmigo mismo,Entender a lo que pasa a mi alrededor,Ser más creativo,Lo que pasa hoy,Ayudarnos a alcanzar lo que nos proponemos,100,17,18,Felicidad,Rara vez,El trabajo en equipo,5,11 a 13 años,Técnico,Mujer
12998859089,406706099,2021-09-27 10:32:07,2021-09-27 10:37:14,190.70.122.58,,,,,Sí,ATLÁNTICO,IED Villas de San Pablo,te enseñó algo nuevo,Fue una experiencia muy linda ya que aprendí algo nuevo ,,Aprendí algo nuevo,Conmigo mismo,Aprender cosas,Entender mejor,Lo que pasaba antes,Ayudarnos a alcanzar lo que nos proponemos,60,42,73,Felicidad,Una vez,La forma cómo los profesores enseñan,5,8 a 10 años,Bachiller,Mujer
12998850195,406706099,2021-09-27 10:28:45,2021-09-27 10:34:44,190.84.119.137,,,,,No,ATLÁNTICO,IED Villas de San Pablo,te enseñó algo nuevo,Me en seño que hay que respetar,Respetar,Aprendí algo nuevo,Conmigo mismo,Aprender cosas,Entender mejor,Lo que pasaba antes,Ayudarnos a alcanzar lo que nos proponemos,11,16,15,Felicidad,Una vez,El trabajo en equipo,5,11 a 13 años,No se,Mujer
12998850616,406706099,2021-09-27 10:29:08,2021-09-27 10:34:16,190.84.156.181,,,,,Sí,ATLÁNTICO,IED Villas de San Pablo,te dio curiosidad por aprender más,LO QUE ME PASO FU QUE EN UNA CLASE DE TECNOLOGIA ABLAMOS SOBRE LA ERRAMIENTAS YO NO SABIA QUE ERA ESO Y PREGUNTE ME DIGERON QUE SERBIA DE AYUDA EN WOR ,#ERAMIENTAS ,Me dio curiosidad por saber más,Quienes me rodean,Aprender cosas,Hacer cosas,Lo que podría pasar en el futuro,Ayudarnos a alcanzar lo que nos proponemos,50,32,50,no está seguro,No se,El trabajo en equipo,5,8 a 10 años,No se,Hombre
12998847974,406706099,2021-09-27 10:28:28,2021-09-27 10:34:01,191.95.131.113,,,,,No,ATLÁNTICO,IED Villas de San Pablo,te dio curiosidad por aprender más,me dio curiosidad aprender mas porque necesito aprender,#necesito aprender #escuela,Me dio curiosidad por saber más,Conmigo mismo,Desarrollar mis habilidades,Ser más creativo,Lo que podría pasar en el futuro,Ayudarnos a alcanzar lo que nos proponemos,50,0,100,Esperanza,Rara vez,Mi aporte a la humanidad/al mundo/a los demás,5,8 a 10 años,Bachiller,Hombre
12998847277,406706099,2021-09-27 10:27:54,2021-09-27 10:33:20,191.89.244.96,,,,,No,ATLÁNTICO,IED Villas de San Pablo,te enseñó algo nuevo,Un día cuando se acabó el recreo nos mandaban a recojer la basura para poder entrar al salón de clases,#recreo,Me dio curiosidad por saber más,Mi país/el mundo,Aprender cosas,Hacer cosas,Lo que podría pasar en el futuro,Mostrarnos nuevos mundos y nuevas posibilidades,50,71,51,no está seguro,Rara vez,El trabajo en equipo,5,11 a 13 años,No se,Mujer
12998664752,406706099,2021-09-27 09:21:52,2021-09-27 09:38:06,191.95.138.66,,,,,Sí,ATLÁNTICO,IED Villas de San Pablo,te enseñó algo nuevo,el  año  pasado  fue  un año  donde  aprendí muchas  cosas  nuevas  como  usar  una  plataforma para enviar  mi tarea ,cosas nuevas ,Aprendí algo nuevo,Conmigo mismo,Aprender cosas,Entender mejor,Lo que podría pasar en el futuro,Ayudarnos a alcanzar lo que nos proponemos,33,34,20,Felicidad,Con frecuencia,El trabajo en equipo,4,8 a 10 años,Bachiller,Mujer
12998660791,406706099,2021-09-27 09:21:29,2021-09-27 09:34:58,191.92.96.225,,,,,Sí,ATLÁNTICO,IED Villas de San Pablo,te dio curiosidad por aprender más,Mi experiencia fue conocer  el museo de la institución y poder observar pinturas y cuentos que me parecieron muy interesante,Vista al museo ,Me dio curiosidad por saber más,Quienes me rodean,Aprender cosas,Ser más creativo,Lo que podría pasar en el futuro,Mostrarnos nuevos mundos y nuevas posibilidades,99,16,7,Felicidad,Rara vez,El trabajo en equipo,4,8 a 10 años,Técnico,Hombre
12998662834,406706099,2021-09-27 09:21:40,2021-09-27 09:34:23,181.131.3.92,,,,,Sí,ATLÁNTICO,IED Villas de San Pablo,te enseñó algo nuevo,Me en seño algo nuevo y la esperiencia qu me dejó fue que aprendí más cosas que ví y no conocía,Salida con mis compañeros y profesores,Aprendí algo nuevo,Quienes me rodean,Desarrollar mis habilidades,Entender mejor,Lo que podría pasar en el futuro,Ayudarnos a alcanzar lo que nos proponemos,89,17,10,Felicidad,No se,La forma cómo los profesores enseñan,4,11 a 13 años,Bachiller,Mujer
12998658415,406706099,2021-09-27 09:21:39,2021-09-27 09:33:35,186.30.167.18,,,,,Sí,ATLÁNTICO,IED Villas de San Pablo,te enseñó algo nuevo,si esstoy de aguerdo,si,Me dio curiosidad por saber más,Quienes me rodean,Desarrollar mis habilidades,Ser más creativo,Lo que podría pasar en el futuro,Entendernos y darnos soporte emocional,13,100,55,Felicidad,Una vez,La forma cómo los profesores enseñan,4,8 a 10 años,Bachiller,Mujer
12998659243,406706099,2021-09-27 09:21:35,2021-09-27 09:33:10,181.141.60.175,,,,,Sí,ATLÁNTICO,IED Villas de San Pablo,te dio curiosidad por aprender más,interrunpieron la clase de tic para hacer una actividada de villas san pablo  la experiencia fue muy buena   y me gusto aprender mas sobre villas san pablo,cosas de villas san pablo,Me dio curiosidad por saber más,Conmigo mismo,Aprender cosas,Ser más creativo,Lo que podría pasar en el futuro,Mostrarnos nuevos mundos y nuevas posibilidades,2,27,52,Felicidad,Una vez,Innovación / creatividad,4,8 a 10 años,No se,Mujer
12998651422,406706099,2021-09-27 09:21:36,2021-09-27 09:32:21,186.30.167.18,,,,,Sí,ATLÁNTICO,IED Villas de San Pablo,te dio curiosidad por aprender más,paso que fuimos a elavoratorio ,fuimos a ela boratorios,Me dio curiosidad por saber más,Conmigo mismo,Aprender cosas,Hacer cosas,Lo que podría pasar en el futuro,Mostrarnos nuevos mundos y nuevas posibilidades,50,56,50,Felicidad,Una vez,El trabajo en equipo,4,8 a 10 años,Bachiller,Mujer
12998643194,406706099,2021-09-27 09:21:29,2021-09-27 09:27:50,186.30.167.18,,,,,Sí,ATLÁNTICO,IED Villas de San Pablo,te dio curiosidad por aprender más,que aprendamos mas y mejor ,la tecnologia,Aprendí algo nuevo,Mi país/el mundo,Desarrollar mis habilidades,Ser más creativo,Lo que podría pasar en el futuro,Entendernos y darnos soporte emocional,6,100,6,Felicidad,Con frecuencia,La forma cómo los profesores enseñan,4,8 a 10 años,Universitario,Hombre
12998640627,406706099,2021-09-27 09:21:42,2021-09-27 09:27:02,132.255.22.116,,,,,Sí,ATLÁNTICO,IED Villas de San Pablo,te enseñó algo nuevo,Si,Si,Aprendí algo nuevo,Quienes me rodean,Aprender cosas,Entender mejor,Lo que pasa hoy,Ayudarnos a alcanzar lo que nos proponemos,100,100,100,Felicidad,Con frecuencia,Liderazgo,4,8 a 10 años,Universitario,Hombre
12998538623,406706099,2021-09-27 08:36:10,2021-09-27 08:53:29,161.10.153.36,,,,,Sí,ATLÁNTICO,IED Villas de San Pablo,te dio curiosidad por aprender más,aprendi a renacionarme con mis compañeros dentro del salo de clase y fuera de el.Estreche lazos de amistades mas fuertes,AMIGOS POR SIEMPRE,Me dio curiosidad por saber más,Quienes me rodean,Desarrollar mis habilidades,Ser más creativo,Lo que podría pasar en el futuro,Ayudarnos a alcanzar lo que nos proponemos,100,4,5,Felicidad,Todo el tiempo,El trabajo en equipo,5,8 a 10 años,Técnico,Mujer
12998524120,406706099,2021-09-27 08:38:07,2021-09-27 08:53:23,190.70.120.108,,,,,Sí,ATLÁNTICO,IED Villas de San Pablo,te dio curiosidad por aprender más,un dia  estaba en clase de tic con el profe . nos dejo una tarea  que   teniamos que hacer en worl yo no sabia manejarlo muy bien  pero despues aprendi un poco mas  con las esplicaciones de profesor,mi primer dia en worl,Me dio curiosidad por saber más,Conmigo mismo,Desarrollar mis habilidades,Ser más creativo,Lo que podría pasar en el futuro,Ayudarnos a alcanzar lo que nos proponemos,31,17,49,Satisfacción/orgullo,Con frecuencia,Tecnología y herramientas digitales,5,11 a 13 años,Bachiller,Mujer
12998525653,406706099,2021-09-27 08:40:45,2021-09-27 08:51:19,186.30.167.18,,,,,Sí,ATLÁNTICO,IED Villas de San Pablo,te dio curiosidad por aprender más,que me gusto el colegio des de el primer dia que fui por qure  yo beia a mi hermano horgulloso trayendo notas a la casa y yo tanbien oi en dia traigo notas buenas a mi casa ,el colegio y la creatibidad,Aprendí algo nuevo,Quienes me rodean,Aprender cosas,Entender mejor,Lo que pasaba antes,Ayudarnos a alcanzar lo que nos proponemos,50,50,50,Esperanza,No se,Relación con la familia,5,8 a 10 años,No se,Hombre
12998525936,406706099,2021-09-27 08:43:18,2021-09-27 08:49:40,190.84.116.214,,,,,Sí,ATLÁNTICO,IED Villas de San Pablo,te confundió,en algunas parte en tendi en otras me confundi   pero con las explicacion de la seño sen en tiende ,si,Aprendí algo nuevo,Conmigo mismo,Entender a lo que pasa a mi alrededor,Entender mejor,Lo que podría pasar en el futuro,Ayudarnos a alcanzar lo que nos proponemos,50,100,100,Satisfacción/orgullo,Una vez,El trabajo en equipo,5,11 a 13 años,Universitario,Hombre
12998526630,406706099,2021-09-27 08:43:06,2021-09-27 08:49:15,132.255.22.116,,,,,Sí,ATLÁNTICO,IED Villas de San Pablo,te dio curiosidad por aprender más,Me dejo curiosidad por que me gusto ,La experiencia,Me dio curiosidad por saber más,Conmigo mismo,Aprender cosas,Ser más creativo,Lo que pasa hoy,Ayudarnos a alcanzar lo que nos proponemos,50,7,7,Felicidad,Rara vez,El trabajo en equipo,5,11 a 13 años,Técnico,Hombre
12998520611,406706099,2021-09-27 08:39:01,2021-09-27 08:47:51,186.30.167.18,,,,,Sí,ATLÁNTICO,IED Villas de San Pablo,te enseñó algo nuevo,Porque en mi anterior colegio  me enseñaron muchas cosas que acá yo no conocía y en villas de San Pablo me enseñaron muchas cosas masme ,Cosas sobre mi anterior colegio,Me sentí confundido/no entendí nada,Conmigo mismo,Aprender cosas,Ser más creativo,Lo que pasaba antes,Ayudarnos a alcanzar lo que nos proponemos,50,50,100,Felicidad,No se,Innovación / creatividad,5,8 a 10 años,Técnico,Mujer
12998510758,406706099,2021-09-27 08:37:08,2021-09-27 08:44:07,191.92.98.82,,,,,Sí,ATLÁNTICO,IED Villas de San Pablo,te enseñó algo nuevo,"en la clase pasada con el profe Luis cárdena aprendí sobre Kahoot  y me divertí mucho, hicimos una actividad sobre Word y sus herramientas   ",lo que aprendí este año ,Aprendí algo nuevo,Conmigo mismo,Aprender cosas,Hacer cosas,Lo que podría pasar en el futuro,Ayudarnos a alcanzar lo que nos proponemos,50,12,50,Felicidad,Con frecuencia,La forma cómo los profesores enseñan,5,8 a 10 años,No se,Hombre
12998496898,406706099,2021-09-27 08:34:39,2021-09-27 08:39:20,201.185.182.122,,,,,Sí,ATLÁNTICO,IED Villas de San Pablo,te enseñó algo nuevo,Hice una experiencia en kahoot ,Nuevo aprendizaje ,Aprendí algo nuevo,Quienes me rodean,Desarrollar mis habilidades,Entender mejor,Lo que podría pasar en el futuro,Ayudarnos a alcanzar lo que nos proponemos,68,23,29,Felicidad,Rara vez,La forma como los profesores me evalúan,5,8 a 10 años,Técnico,Hombre
12998369573,406706099,2021-09-27 07:47:53,2021-09-27 07:56:58,132.255.22.121,,,,,Sí,ATLÁNTICO,IED Villas de San Pablo,te enseñó algo nuevo,Las lenguas castellana ,#hashtag como ?? ,Aprendí algo nuevo,Quienes me rodean,Desarrollar mis habilidades,Entender mejor,Lo que podría pasar en el futuro,Ayudarnos a alcanzar lo que nos proponemos,18,26,100,Felicidad,Todo el tiempo,El trabajo en equipo,4,8 a 10 años,No se,Hombre
12998373659,406706099,2021-09-27 07:44:29,2021-09-27 07:56:18,132.255.22.121,,,,,Sí,ATLÁNTICO,IED Villas de San Pablo,te dio curiosidad por aprender más,Me confundí por qué no sabía que Hiba a ser,La confusión,Me sentí confundido/no entendí nada,Quienes me rodean,Entender a lo que pasa a mi alrededor,Hacer cosas,Lo que podría pasar en el futuro,Ayudarnos a alcanzar lo que nos proponemos,69,51,26,Felicidad,Una vez,Lo que hago en las horas de clase,4,8 a 10 años,No se,Mujer
12998377290,406706099,2021-09-27 07:45:14,2021-09-27 07:56:05,190.84.119.137,,,,,Sí,ATLÁNTICO,IED Villas de San Pablo,te enseñó algo nuevo,Me en seño cosas de tecnología ,Las tic,Aprendí algo nuevo,Conmigo mismo,Aprender cosas,Entender mejor,Lo que pasaba antes,Ayudarnos a alcanzar lo que nos proponemos,11,16,11,Felicidad,No se,El trabajo en equipo,4,8 a 10 años,No se,Hombre
12998366484,406706099,2021-09-27 07:39:28,2021-09-27 07:53:48,132.255.22.121,,,,,Sí,ATLÁNTICO,IED Villas de San Pablo,te enseñó algo nuevo,Me acuerdo que el día de la clase del profesor aprendí a manejar la tecnologia,#Aprendo a manejar la tecnología ,Me dio curiosidad por saber más,Conmigo mismo,Desarrollar mis habilidades,Ser más creativo,Lo que pasaba antes,Ayudarnos a alcanzar lo que nos proponemos,50,50,7,Felicidad,Todo el tiempo,Mi aporte a la humanidad/al mundo/a los demás,4,8 a 10 años,Bachiller,Mujer
12998359644,406706099,2021-09-27 07:39:11,2021-09-27 07:52:01,186.30.167.18,,,,,Sí,ATLÁNTICO,IED Villas de San Pablo,te dio curiosidad por aprender más,Como era nueva el colegio es muy grande y no lo conocia y me daba miedo perderme ,#me ciento feliz ,Me dio curiosidad por saber más,Conmigo mismo,Aprender cosas,Ser más creativo,Lo que pasaba antes,Ayudarnos a alcanzar lo que nos proponemos,50,0,0,Felicidad,Una vez,Liderazgo,4,8 a 10 años,Postgrado,Mujer
12998364885,406706099,2021-09-27 07:40:07,2021-09-27 07:51:43,186.30.167.18,,,,,Sí,ATLÁNTICO,IED Villas de San Pablo,te enseñó algo nuevo,Mi experiencia que yo tuve fue que me enseñaron a crear carpeta de microsoft word,#hashtagtecnologia,Me dio curiosidad por saber más,Mi país/el mundo,Desarrollar mis habilidades,Ser más creativo,Lo que podría pasar en el futuro,Ayudarnos a alcanzar lo que nos proponemos,49,28,53,Felicidad,Todo el tiempo,Tecnología y herramientas digitales,4,8 a 10 años,Técnico,Mujer
12998362481,406706099,2021-09-27 07:45:05,2021-09-27 07:50:18,190.84.118.5,,,,,Sí,ATLÁNTICO,IED Villas de San Pablo,te confundió,Me confundí porque el profe dijo vamos Aser la tijera y yo la tijera a y me confundí,El niño que se confunde,Aprendí algo nuevo,Conmigo mismo,Aprender cosas,Hacer cosas,Lo que pasa hoy,Ayudarnos a alcanzar lo que nos proponemos,50,50,11,Felicidad,No se,Ninguna de las anteriores,4,8 a 10 años,No se,Hombre
12998356276,406706099,2021-09-27 07:38:49,2021-09-27 07:48:12,132.255.22.121,,,,,Sí,ATLÁNTICO,IED Villas de San Pablo,te dio curiosidad por aprender más,por la manera como se dieron las clases virtuales,no entendía las clases virtuales,Me sentí confundido/no entendí nada,Conmigo mismo,Desarrollar mis habilidades,Ser más creativo,Lo que podría pasar en el futuro,Ayudarnos a alcanzar lo que nos proponemos,20,50,63,Felicidad,Rara vez,Lo que hago en las horas de clase,4,8 a 10 años,Bachiller,Hombre
12998343940,406706099,2021-09-27 07:38:38,2021-09-27 07:44:54,190.70.123.146,,,,,Sí,ATLÁNTICO,IED Villas de San Pablo,te confundió,A veses no entedia como ahora presencial ,#elmejordia,Me sentí confundido/no entendí nada,Mi país/el mundo,Aprender cosas,Entender mejor,Lo que podría pasar en el futuro,Ayudarnos a alcanzar lo que nos proponemos,50,42,64,Esperanza,No se,Mi aporte a la humanidad/al mundo/a los demás,4,8 a 10 años,No se,Mujer
12998346650,406706099,2021-09-27 07:37:35,2021-09-27 07:44:11,191.92.98.95,,,,,Sí,ATLÁNTICO,IED Villas de San Pablo,te enseñó algo nuevo,el tema de la tierra,#exelente,Aprendí algo nuevo,Mi país/el mundo,Aprender cosas,Hacer cosas,Lo que podría pasar en el futuro,Ayudarnos a alcanzar lo que nos proponemos,16,10,81,Felicidad,Con frecuencia,El cuidado del medio ambiente,4,8 a 10 años,Bachiller,Hombre
12998346661,406706099,2021-09-27 07:38:22,2021-09-27 07:44:00,132.255.22.121,,,,,Sí,ATLÁNTICO,IED Villas de San Pablo,te confundió,Me confío en lago q me dijo el profe ??,#confundo,Me sentí confundido/no entendí nada,Conmigo mismo,Aprender cosas,Entender mejor,Lo que podría pasar en el futuro,Ayudarnos a alcanzar lo que nos proponemos,70,36,72,Esperanza,No se,Tecnología y herramientas digitales,4,8 a 10 años,No se,Mujer
12967816826,406706099,2021-09-14 22:44:40,2021-09-14 22:54:29,186.30.167.18,,,,,Sí,ATLÁNTICO,IED Villas de San Pablo,te enseñó algo nuevo,"Bueno lo que paso fue que un profe, me corrigió en una actuación de mala forma que tuve, y lo que pasó fue que sentí ese apoyo, esa enseñanza de una forma buena, y que me enseñó  a ser mejor persona y a que siempre debemos saber escuchar a los demas",#aprenderaescuchar,Aprendí algo nuevo,Conmigo mismo,Aprender cosas,Hacer cosas,Lo que pasaba antes,Ayudarnos a alcanzar lo que nos proponemos,70,15,100,Satisfacción/orgullo,Rara vez,Mi aporte a la humanidad/al mundo/a los demás,11,14 a 16 años,No se,Hombre
12963732475,406706099,2021-09-13 15:13:59,2021-09-13 15:37:02,132.255.22.121,,,,,Sí,ATLÁNTICO,IED Villas de San Pablo,te confundió,me confundí en muchas cosas aveces el horario no era el mismo o cambiaban las horas de las clases  me enredo en mucha por lo general pero siempre tengo ayuda  , confundido en el saber ,Me dio curiosidad por saber más,Conmigo mismo,Entender a lo que pasa a mi alrededor,Entender mejor,Lo que pasa hoy,Mostrarnos nuevos mundos y nuevas posibilidades,100,100,100,Satisfacción/orgullo,Todo el tiempo,Ninguna de las anteriores,11,17 a 19 años,Bachiller,Mujer
12963128958,406706099,2021-09-13 11:38:17,2021-09-13 11:44:38,186.82.84.49,,,,,Sí,ATLÁNTICO,IED Villas de San Pablo,te confundió,Pues no ha Sido una gran experiencia el estudio virtual,#Pandemia,Me sentí confundido/no entendí nada,Mi país/el mundo,Entender a lo que pasa a mi alrededor,Ser más creativo,Lo que pasa hoy,Mostrarnos nuevos mundos y nuevas posibilidades,0,30,50,Esperanza,Con frecuencia,Ninguna de las anteriores,11,17 a 19 años,Bachiller,Mujer
12963004161,406706099,2021-09-13 10:55:01,2021-09-13 11:03:14,191.89.244.88,,,,,Sí,ATLÁNTICO,IED Villas de San Pablo,te confundió,"Sobre la pandemia, fue muy confuso toda la tematica",#no_a_la_virtualidad,Aprendí algo nuevo,Conmigo mismo,Aprender cosas,Entender mejor,Lo que pasaba antes,Ayudarnos a alcanzar lo que nos proponemos,54,25,100,Angustia/Miedo,Rara vez,Ninguna de las anteriores,11,17 a 19 años,Bachiller,Mujer
12962998556,406706099,2021-09-13 10:53:13,2021-09-13 11:01:07,132.255.22.146,,,,,No,ATLÁNTICO,IED Villas de San Pablo,te dio curiosidad por aprender más,Pues un día que unos compañeros estaban haciendo un trabajo me dio curiosidad hacerlo también ,La curiosidad ,Me dio curiosidad por saber más,Conmigo mismo,Aprender cosas,Ser más creativo,Lo que podría pasar en el futuro,Ayudarnos a alcanzar lo que nos proponemos,100,50,50,Felicidad,Rara vez,El trabajo en equipo,,,,
12962897163,406706099,2021-09-13 10:19:32,2021-09-13 10:29:54,186.30.167.18,,,,,Sí,ATLÁNTICO,IED Villas de San Pablo,te confundió,Pues con este del covid-19 fue un poco confuso ya que toco alejarse de todo ,#covid19confuso ,Aprendí algo nuevo,Quienes me rodean,Aprender cosas,Entender mejor,Lo que pasa hoy,Ayudarnos a alcanzar lo que nos proponemos,36,63,60,no está seguro,Rara vez,Lo que hago en mi tiempo libre,11,17 a 19 años,No se,Mujer
12962898249,406706099,2021-09-13 10:23:27,2021-09-13 10:28:38,181.129.159.83,,,,,Sí,ATLÁNTICO,IED Villas de San Pablo,te confundió,Lo que pasó es que como estábamos virtuales me afectó de una manera que no entendía ninguna clase y solo podía hacer las tareas para no perder el año pero no entendí nada me sentí muy confundida,#noalavirtualidad,Me sentí confundido/no entendí nada,Conmigo mismo,Desarrollar mis habilidades,Entender mejor,Lo que pasaba antes,Ayudarnos a alcanzar lo que nos proponemos,2,49,8,Rabia,Todo el tiempo,La forma cómo los profesores enseñan,11,17 a 19 años,Bachiller,Mujer
12962894968,406706099,2021-09-13 10:21:48,2021-09-13 10:27:39,190.84.117.123,,,,,No,ATLÁNTICO,IED Villas de San Pablo,te dio curiosidad por aprender más,Quiero aprender más ,Eh no se,Aprendí algo nuevo,Quienes me rodean,Entender a lo que pasa a mi alrededor,Entender mejor,Lo que pasa hoy,Ayudarnos a alcanzar lo que nos proponemos,46,58,53,Felicidad,Una vez,La forma cómo los profesores enseñan,11,17 a 19 años,No se,Mujer
12962777707,406706099,2021-09-13 09:48:07,2021-09-13 09:50:04,191.95.23.95,,,,,Sí,ATLÁNTICO,IED Villas de San Pablo,te dio curiosidad por aprender más,Experimentos y proyectos sobre el grado,#experimentosyptoyectos,Aprendí algo nuevo,Conmigo mismo,Entender a lo que pasa a mi alrededor,Entender mejor,Lo que podría pasar en el futuro,Entendernos y darnos soporte emocional,39,62,100,Satisfacción/orgullo,Con frecuencia,Lo que hago en mi tiempo libre,11,17 a 19 años,Bachiller,Mujer
12962763201,406706099,2021-09-13 09:39:15,2021-09-13 09:45:40,191.95.23.95,,,,,Sí,ATLÁNTICO,IED Villas de San Pablo,te dio curiosidad por aprender más,Hacer experimentos en el colegio me fuera gustado ponerlo en práctica y proyectos sobre el grado,#experimentosyproyectos,Aprendí algo nuevo,Conmigo mismo,Entender a lo que pasa a mi alrededor,Entender mejor,Lo que podría pasar en el futuro,Entendernos y darnos soporte emocional,18,52,100,Satisfacción/orgullo,Con frecuencia,Lo que hago en mi tiempo libre,11,17 a 19 años,Bachiller,Hombre
12962759896,406706099,2021-09-13 09:06:48,2021-09-13 09:44:47,186.30.167.18,,,,,Sí,ATLÁNTICO,IED Villas de San Pablo,te enseñó algo nuevo,Nos enseña cosas nuevas que seamos responsables respetuoso con nuestro docente y compañeros seguir haci siempre ,Si,Aprendí algo nuevo,Quienes me rodean,Desarrollar mis habilidades,Entender mejor,Lo que podría pasar en el futuro,Ayudarnos a alcanzar lo que nos proponemos,100,13,100,Felicidad,Todo el tiempo,El trabajo en equipo,11,17 a 19 años,No se,Mujer
12962750369,406706099,2021-09-13 09:29:09,2021-09-13 09:42:41,191.89.246.29,,,,,No,ATLÁNTICO,IED Villas de San Pablo,te enseñó algo nuevo,tendre en cuenta lo que me enseñaron ??,"#siempre hay que saber lo mucho que te puede ayudar la escuela, también a disfrutar cada clase que den ",Aprendí algo nuevo,Quienes me rodean,Entender a lo que pasa a mi alrededor,Entender mejor,Lo que podría pasar en el futuro,Mostrarnos nuevos mundos y nuevas posibilidades,49,34,53,no está seguro,No se,Lo que hago en mi tiempo libre,11,17 a 19 años,Técnico,Mujer
12962671875,406706099,2021-09-13 09:16:37,2021-09-13 09:17:22,191.95.17.221,,,,,Sí,ATLÁNTICO,IED Villas de San Pablo,te enseñó algo nuevo,,,Aprendí algo nuevo,Conmigo mismo,Aprender cosas,Entender mejor,Lo que podría pasar en el futuro,Ayudarnos a alcanzar lo que nos proponemos,100,100,100,Satisfacción/orgullo,Con frecuencia,La forma cómo los profesores enseñan,11,17 a 19 años,Bachiller,Mujer
12962658496,406706099,2021-09-13 09:09:55,2021-09-13 09:13:05,132.255.22.116,,,,,Sí,ATLÁNTICO,IED Villas de San Pablo,te dio curiosidad por aprender más,El aprender un poco más del habla y fluidez en el ingles,#porunacolombiabilingüe,Me dio curiosidad por saber más,Conmigo mismo,Aprender cosas,Entender mejor,Lo que podría pasar en el futuro,Ayudarnos a alcanzar lo que nos proponemos,45,38,86,Satisfacción/orgullo,No se,La forma cómo los profesores enseñan,11,14 a 16 años,Técnico,Hombre
12962654281,406706099,2021-09-13 09:07:45,2021-09-13 09:11:59,186.30.167.18,,,,,Sí,ATLÁNTICO,IED Villas de San Pablo,te enseñó algo nuevo,"Pues todo lo que nos enseñan los profesores lo aprendí, bueno no todo pero si algunas cosas ",#aprendermas ,Me dio curiosidad por saber más,Conmigo mismo,Aprender cosas,Entender mejor,Lo que podría pasar en el futuro,Mostrarnos nuevos mundos y nuevas posibilidades,69,58,54,Satisfacción/orgullo,Con frecuencia,Lo que hago en las horas de clase,11,14 a 16 años,No se,Mujer
12957368932,406706099,2021-09-10 10:25:36,2021-09-10 10:32:01,186.169.191.60,,,,,Sí,ATLÁNTICO,IED Villas de San Pablo,te confundió,"cuando recien empezo la cuarentena, porque tenia planeado hacer muchas cosas y por la cuarentena no pude, pero poco a poco voy realizandolas ",#cuarentena,Aprendí algo nuevo,Mi país/el mundo,Aprender cosas,Hacer cosas,Lo que podría pasar en el futuro,Ayudarnos a alcanzar lo que nos proponemos,1,100,69,no está seguro,No se,Ninguna de las anteriores,11,17 a 19 años,Universitario,Mujer
12957334979,406706099,2021-09-10 09:41:16,2021-09-10 10:18:54,186.169.191.60,,,,,Sí,ATLÁNTICO,IED Villas de San Pablo,te dio curiosidad por aprender más,fue durante un experimento de fisica con cohetes auto propulsion y me intereso mucho ,#innovacion,Aprendí algo nuevo,Conmigo mismo,Desarrollar mis habilidades,Hacer cosas,Lo que podría pasar en el futuro,Ayudarnos a alcanzar lo que nos proponemos,50,50,1,Satisfacción/orgullo,Con frecuencia,El trabajo en equipo,11,14 a 16 años,Bachiller,Hombre
12957228125,406706099,2021-09-10 09:35:37,2021-09-10 09:40:32,186.169.191.60,,,,,Sí,ATLÁNTICO,IED Villas de San Pablo,te enseñó algo nuevo,LA PANDAMIA Y CON ESO LA VIRTUALIDAD TODO FUE MAS DIFICIL POR LA PANDEMIA ME ENSEÑO A NO DAR TODO POR HECHO Y Q PUEDEN PASAN COSAS NUEVAS ,#COSAS INPREDECIBLES ,Aprendí algo nuevo,Mi país/el mundo,Entender a lo que pasa a mi alrededor,Ser más creativo,Lo que pasa hoy,Mostrarnos nuevos mundos y nuevas posibilidades,0,99,100,no está seguro,No se,Cómo resolver conflictos,,,,
12957209720,406706099,2021-09-10 09:14:14,2021-09-10 09:34:44,186.169.191.60,,,,,Sí,ATLÁNTICO,IED Villas de San Pablo,te enseñó algo nuevo,EL AÑO PASADO ME PASARON MUCHAS COSAS UNA SERIA QUE APRENDI MUCHO EN LA AREA DE MATEMATICAS Y ESPAÑOL,CADA DIA SE APRENDE ALGO NUEVO,Aprendí algo nuevo,Conmigo mismo,Desarrollar mis habilidades,Hacer cosas,Lo que podría pasar en el futuro,Ayudarnos a alcanzar lo que nos proponemos,,1,100,Satisfacción/orgullo,Rara vez,Relación con los profesores,11,17 a 19 años,Universitario,Hombre
12957115895,406706099,2021-09-10 08:50:44,2021-09-10 09:00:03,191.95.23.41,,,,,No,ATLÁNTICO,IED Villas de San Pablo,te enseñó algo nuevo,Aprendí que sin importar las circunstancias podremos lograr lo que queramos,#yopuedo,Aprendí algo nuevo,Conmigo mismo,Desarrollar mis habilidades,Ser más creativo,Lo que podría pasar en el futuro,Ayudarnos a alcanzar lo que nos proponemos,0,100,100,Esperanza,Rara vez,Cómo resolver conflictos,11,17 a 19 años,Bachiller,Mujer
12957106990,406706099,2021-09-10 08:50:24,2021-09-10 08:56:53,186.169.191.60,,,,,Sí,ATLÁNTICO,IED Villas de San Pablo,te enseñó algo nuevo,el año pasado aprendi a usar las herramientas tecnologicas como excel power point y muchas mas para uso educativo ya que por la cuestion de covid las clases fueron virtuales y a decir verdad años anteriores no las usaba con ese fin,USEMOS MAS LAS HERRAMIENTAS TECNOLOGICA ,Aprendí algo nuevo,Mi país/el mundo,Desarrollar mis habilidades,Ser más creativo,Lo que podría pasar en el futuro,Entendernos y darnos soporte emocional,0,50,100,Satisfacción/orgullo,Rara vez,Tecnología y herramientas digitales,11,17 a 19 años,Bachiller,Mujer
12957072637,406706099,2021-09-10 08:14:46,2021-09-10 08:49:29,186.169.191.60,,,,,Sí,ATLÁNTICO,IED Villas de San Pablo,te confundió,el cambio repentino por la cuarentena ,#vueltaalcole,Me sentí confundido/no entendí nada,Mi país/el mundo,Entender a lo que pasa a mi alrededor,Entender mejor,Lo que podría pasar en el futuro,Mostrarnos nuevos mundos y nuevas posibilidades,1,100,100,Angustia/Miedo,Rara vez,Ninguna de las anteriores,11,17 a 19 años,Bachiller,Hombre
